pred_lat,pred_long
20.48145,-60.553955
13.724998,-35.79633
14.211948,-37.205727
14.663811,-38.670868
15.1690445,-40.62173
15.503689,-42.968304
15.895279,-44.786503
15.96627,-46.57142
15.617052,-48.441353
15.310226,-50.384815
15.1039505,-51.93328
14.601946,-54.095352
14.172949,-56.090683
13.915142,-57.954826
13.826754,-59.903763
13.672342,-62.28238
13.627399,-64.091995
13.811989,-65.812
14.039047,-67.478165
20.53234,-60.807587
28.69771,-92.76062
28.37673,-92.55953
28.18152,-93.05813
28.2687,-93.68995
28.38717,-93.73022
28.504482,-93.59418
28.695866,-93.881775
29.19504,-95.370476
29.829336,-94.96181
29.445826,-96.72922
29.654453,-96.77866
29.468424,-97.50426
29.72576,-97.319954
29.700188,-96.72778
29.250446,-97.707825
29.15123,-97.123436
28.988914,-97.14117
28.666916,-97.72674
28.342632,-97.692856
28.063078,-97.306206
27.878262,-97.47613
27.688387,-97.722336
20.388283,-60.452923
18.711859,-68.47176
18.573046,-69.53496
19.047255,-69.59101
19.16051,-71.01823
19.347816,-71.524765
18.70294,-73.48344
19.627693,-72.98376
19.617168,-74.744064
19.902834,-75.72496
20.059488,-77.92779
20.359106,-77.45226
20.754604,-77.460335
21.322945,-79.8215
21.894129,-80.52624
22.28638,-81.39041
22.886879,-80.82528
24.058165,-81.22406
24.855904,-81.87721
25.208147,-82.34483
25.580837,-81.29988
26.223768,-82.17451
26.67014,-81.9972
27.11531,-81.49882
27.642612,-81.401596
28.09431,-80.9701
28.574144,-80.36329
28.851578,-79.30171
29.022892,-79.5736
29.28333,-79.85719
29.42479,-79.3507
29.4704,-79.36628
29.657568,-80.325226
29.711267,-80.974464
29.697407,-80.98516
30.012705,-81.71205
30.221315,-82.30284
30.132076,-82.07848
30.066822,-82.78708
30.452253,-84.5513
30.626684,-84.800766
31.07825,-85.945854
31.35171,-86.56095
31.64379,-87.661934
32.145176,-87.38055
31.947617,-89.3715
31.786377,-89.4945
31.9853,-89.31086
32.39503,-88.66317
32.718357,-88.61561
32.87798,-87.68163
33.31226,-86.63615
33.707657,-85.40154
34.266132,-84.93786
35.161503,-83.6825
35.499073,-82.73036
35.899967,-81.68401
36.349075,-80.89916
36.608273,-80.36932
20.240805,-59.645622
22.889435,-60.652706
23.46659,-61.945164
24.315311,-62.976025
25.169622,-63.460026
25.886156,-63.945538
26.954481,-64.56993
28.193762,-64.9285
29.878067,-63.95255
31.315807,-63.701504
31.997969,-63.70983
32.706043,-63.433174
33.779423,-62.65591
34.839344,-60.36391
20.409986,-60.58716
28.578562,-88.20651
28.935177,-86.74205
29.581104,-85.003136
30.685072,-84.914185
31.460505,-84.176834
32.138115,-83.74966
32.711857,-83.066376
33.164993,-82.34882
33.488564,-81.875305
33.57751,-81.42022
33.63134,-80.458084
33.678104,-79.27187
33.509323,-76.91705
33.644665,-76.00762
33.700752,-75.54822
34.45289,-74.26311
35.27827,-72.913506
35.818672,-72.3028
36.49719,-71.99948
37.320377,-71.35608
38.152187,-71.917786
38.72873,-71.507805
39.454945,-71.02061
40.568836,-70.52617
41.80393,-70.04426
20.342373,-59.268448
37.30068,-34.5836
36.611195,-34.07269
35.816517,-34.397736
35.402004,-35.58392
35.78089,-35.95131
36.056816,-36.503788
36.271683,-37.028965
36.35588,-38.20564
36.55254,-39.10568
36.71323,-40.207504
36.836334,-41.21205
36.710533,-42.4633
36.040745,-44.416714
35.83458,-45.86028
36.018814,-46.5565
36.553802,-46.753082
37.512787,-46.965042
38.06803,-47.184628
40.100742,-46.807045
41.564667,-46.55697
42.5485,-46.08211
43.831783,-45.59903
45.457485,-44.642105
47.247246,-43.90861
50.13723,-43.43394
52.05389,-43.47971
53.717285,-43.44293
54.019295,-43.41572
54.359165,-42.167004
54.69688,-40.165356
55.171574,-37.67562
55.436478,-33.968822
54.99537,-28.374578
20.138708,-59.797573
15.78298,-49.016373
16.236895,-50.93211
16.634985,-52.514896
17.244701,-53.57977
17.286724,-55.463604
17.380428,-57.201954
17.219568,-59.242256
17.134546,-61.625328
17.133774,-62.385468
17.060678,-62.674747
17.310932,-62.67458
17.577229,-64.15182
17.974503,-65.89201
18.248997,-67.381424
18.53545,-68.8315
18.45615,-70.76071
19.35171,-70.93144
19.648716,-71.88038
20.06198,-73.89782
20.117365,-76.58016
20.486685,-76.29405
20.888144,-77.08516
21.541986,-79.11673
22.287611,-81.897095
22.968645,-82.77296
23.567947,-84.21621
24.086115,-85.13212
24.825361,-86.81499
25.443972,-87.60683
26.306541,-89.26209
26.949547,-89.93813
27.863806,-91.47206
28.966515,-92.148094
30.074024,-90.98514
31.397667,-90.78919
32.888607,-90.57686
33.785145,-90.24733
34.415794,-89.51231
34.94068,-88.08219
35.692425,-86.606766
36.551506,-84.5959
20.45563,-60.4917
24.341013,-47.18748
24.539557,-47.556084
24.519098,-48.67276
24.503674,-49.796036
20.21823,-60.10455
14.115753,-26.640337
14.094017,-26.893599
14.242434,-27.708284
14.467066,-28.010906
14.564198,-28.514791
14.746988,-28.910524
15.017599,-30.17369
15.048107,-30.721186
15.164619,-31.401545
15.518698,-32.421738
16.001604,-34.06895
15.911375,-35.19917
16.043324,-36.21185
16.354492,-37.255817
17.031445,-38.711666
17.423449,-40.252
17.733028,-41.757244
18.28629,-42.690758
19.00902,-43.436825
19.560259,-44.396847
20.207966,-45.42801
20.86471,-46.41184
21.626295,-47.383446
21.974087,-48.570766
22.324917,-49.696754
22.753435,-50.93379
23.4106,-51.189354
23.949156,-51.77878
24.416605,-52.35853
24.559162,-52.892937
20.37389,-59.425545
24.620085,-52.030502
25.00388,-52.438755
26.005226,-51.808372
27.340872,-51.648262
28.615377,-51.613533
29.030687,-52.61435
29.579443,-53.353146
30.126825,-53.84531
30.499598,-54.462532
31.074165,-54.12277
31.90753,-54.232597
33.05828,-53.477753
33.91291,-51.52705
34.95397,-49.090378
35.95884,-46.54465
37.21945,-44.384823
38.10722,-41.77851
39.468975,-38.88773
40.33749,-35.789085
40.698864,-33.06707
40.89289,-29.589228
42.026207,-26.202988
42.038914,-23.457642
41.471657,-22.142067
41.134956,-19.731407
20.65256,-60.446014
35.940067,-70.660835
36.841774,-68.870735
37.48207,-67.503395
37.884964,-66.34087
38.013187,-65.821266
38.579464,-65.96408
38.708282,-66.3735
38.198936,-67.26514
38.074368,-66.79331
37.495533,-66.77598
38.019985,-67.10527
38.245033,-67.68855
37.77366,-67.6668
37.59937,-67.502014
37.585484,-66.76685
37.754272,-65.87612
38.042904,-64.47025
38.45401,-63.49199
39.04554,-62.129513
39.52957,-60.749886
39.82214,-58.54388
40.3269,-56.25285
41.448147,-53.385868
41.874138,-50.28166
20.339272,-60.388
13.170418,-25.410126
12.916967,-26.741833
12.7911625,-27.728672
12.872818,-29.120138
12.925623,-30.44869
13.264149,-32.533978
13.271185,-33.804596
13.490238,-35.11266
13.79706,-36.500683
14.507542,-38.33339
15.01722,-40.027794
15.528925,-41.74829
16.08982,-43.606842
16.543913,-45.120983
16.802198,-46.676445
17.048494,-48.458492
17.322348,-50.237804
17.270683,-52.017338
17.546421,-52.193546
17.893782,-52.47911
18.20855,-53.43489
18.691114,-54.29657
19.260296,-54.790287
19.87092,-55.69365
20.461645,-56.555756
21.282312,-57.36571
22.196177,-57.726345
22.991592,-58.41695
23.780748,-58.794518
24.855482,-59.18014
26.222387,-59.442326
27.73302,-59.066906
29.071177,-59.163597
30.269636,-58.998146
31.737192,-58.719856
33.37049,-58.6213
34.779922,-58.80577
35.291634,-59.311462
36.150993,-59.140316
36.721233,-59.226402
37.286148,-59.85713
37.5317,-60.109745
38.044773,-59.74371
38.086597,-60.00061
38.029915,-60.093792
38.183857,-60.379692
38.37364,-60.591408
38.384506,-61.381763
38.65435,-61.71077
39.03241,-61.799686
39.403675,-60.900257
39.63493,-60.24575
39.75727,-59.42097
40.351845,-57.85675
40.941467,-55.48999
41.717457,-53.406906
42.527294,-51.39807
20.515726,-60.785954
24.641617,-94.479164
24.754507,-94.77109
24.635336,-95.3614
24.462923,-95.17658
23.754889,-96.22509
23.790884,-95.60132
23.795677,-95.83094
24.04404,-95.71375
24.379627,-96.35527
24.751196,-96.866264
20.496775,-60.831802
26.476086,-84.132286
26.3634,-84.71736
26.332054,-84.95614
26.1717,-84.82959
26.03014,-85.2281
25.742285,-85.67965
25.96037,-85.18251
26.064964,-84.8227
26.136673,-84.543976
26.175415,-83.87742
26.579132,-83.014305
27.845415,-82.54808
28.711042,-82.03067
29.279276,-81.67989
29.027462,-79.935425
29.33643,-78.383675
30.17731,-76.97998
30.651266,-75.69974
31.458303,-74.682594
32.151363,-73.29014
33.208443,-70.51859
34.02701,-68.32328
34.982166,-66.33003
36.00222,-64.71762
36.757965,-63.052258
37.284863,-61.72588
38.359627,-60.550655
39.57035,-59.405518
40.736076,-57.631508
42.654095,-55.89065
43.11862,-54.140717
45.415466,-49.79215
47.317135,-47.78534
48.85132,-45.58645
50.989117,-42.372158
52.929955,-39.72771
53.503613,-38.284657
54.136833,-35.88507
54.52953,-32.751415
55.08287,-29.823343
20.309729,-59.554283
30.74359,-71.593506
31.05231,-72.56132
31.287725,-73.223015
31.878382,-73.44763
32.493145,-73.86184
33.020428,-74.09648
33.936012,-74.29652
34.32463,-74.284164
34.97989,-73.66865
35.589634,-73.32789
36.139145,-72.46596
36.72179,-71.04363
37.340523,-69.093636
37.718445,-67.524185
20.517555,-60.824436
16.317749,-66.53796
16.741312,-66.74743
17.090855,-67.39837
17.415167,-68.60451
17.857088,-68.84866
18.914017,-69.62094
19.555008,-69.77353
20.040915,-69.88462
20.38419,-69.39504
21.477869,-69.89725
22.287905,-69.82444
23.046654,-69.95306
24.085508,-69.79052
24.923992,-70.01727
25.267,-69.964386
25.377264,-69.869804
25.51498,-69.64696
25.692245,-69.14507
26.460785,-68.19881
27.037739,-67.031075
27.592524,-65.373116
28.607489,-64.04562
29.617508,-63.527992
30.645897,-63.617424
31.374956,-63.89635
31.906702,-64.152054
32.162838,-65.04824
32.430107,-65.443565
32.568153,-65.72974
32.774853,-66.428314
32.980465,-67.24575
33.32251,-67.41584
33.88584,-67.22884
35.206833,-66.78253
36.55098,-65.71828
20.241917,-59.89005
15.68339,-31.162373
16.173903,-31.576256
16.408043,-31.943943
17.284176,-32.666035
18.019178,-33.053326
18.646645,-33.52006
19.087152,-33.943607
19.663912,-34.341724
20.52032,-34.762062
21.498974,-35.5284
22.223549,-36.238056
23.41484,-36.879093
24.760048,-37.274464
25.898584,-37.656853
27.04995,-38.185726
28.711674,-39.25562
30.308065,-39.760864
31.774702,-40.714493
31.99666,-42.904404
32.262936,-44.605217
32.08869,-46.219425
32.518177,-47.17546
33.372173,-47.502266
34.588306,-46.816925
35.92097,-46.916744
37.16031,-46.5536
38.58679,-45.430702
40.04908,-43.83209
41.073845,-42.332233
42.67085,-40.26331
43.44014,-37.846485
44.54187,-35.426315
46.963154,-31.602638
49.072712,-26.5827
20.314829,-60.154854
32.03396,-76.84871
32.675045,-76.65642
33.045536,-77.62653
33.583626,-78.51473
34.064777,-79.44887
20.356745,-60.439247
29.496634,-78.90277
30.102213,-79.24919
30.883904,-80.21345
31.625584,-80.340355
32.501945,-80.840355
32.92826,-81.51254
20.343136,-60.455814
25.237804,-84.9315
26.421982,-85.03904
27.49928,-84.08034
28.134169,-83.38843
20.17774,-59.673683
25.544783,-90.508804
25.415478,-91.30101
24.81665,-92.99958
25.53735,-92.51182
25.629261,-92.473015
26.31345,-91.7137
26.636892,-90.62639
27.520267,-90.94242
28.704456,-91.101234
29.391424,-90.91979
30.07843,-90.68144
29.920784,-92.078674
29.623981,-91.56421
29.817402,-90.9099
30.387016,-91.52407
30.443548,-91.39371
30.94028,-91.45859
30.853662,-92.750885
30.610964,-92.78813
30.336506,-91.750145
30.031857,-91.39803
29.912523,-90.67771
29.700117,-89.2593
30.189095,-88.39133
31.573147,-87.16775
32.973186,-85.69602
34.67348,-84.39257
35.587234,-84.77018
20.335243,-60.447247
28.212729,-62.60429
28.4931,-62.02103
28.690676,-61.61246
28.990253,-61.24542
29.73467,-61.193123
30.535242,-61.359604
30.846947,-61.023174
31.236755,-61.519558
31.830076,-60.85195
32.507496,-60.396038
33.31839,-61.007423
34.276783,-61.245525
34.821804,-62.061893
35.415894,-61.861774
36.157097,-62.310158
36.97802,-62.4516
38.939182,-61.795696
40.745003,-60.660645
42.103306,-60.984997
43.430344,-61.04882
46.217705,-58.329903
20.298746,-60.40368
12.804546,-32.99923
13.214773,-33.738735
13.498974,-33.902473
13.816553,-33.79966
14.095383,-33.9567
14.304583,-34.10081
14.794071,-34.4049
15.371223,-34.828465
20.367365,-59.954235
27.302921,-91.18093
27.395462,-91.91515
27.437063,-92.08832
27.33721,-93.53054
27.687002,-92.61722
27.782444,-93.92776
28.114868,-92.59587
28.585953,-92.2963
29.087652,-92.28835
29.702675,-92.47901
30.550074,-92.31444
31.273691,-91.880455
32.055058,-91.299225
32.778072,-90.47187
33.49709,-89.838234
20.380838,-60.461346
16.200659,-44.819138
16.000078,-47.469795
15.816769,-49.71528
15.79273,-51.617905
15.897985,-53.31569
15.995731,-54.815937
16.139843,-56.26925
16.198828,-58.09018
16.430315,-59.65954
16.57142,-61.278667
16.919107,-62.668606
17.140047,-64.1158
17.550198,-65.65949
17.77624,-67.15698
18.135902,-68.3827
18.659477,-70.15914
19.13362,-71.168335
19.763288,-71.409035
20.44449,-72.598976
21.165886,-73.67792
22.207523,-74.46748
23.194721,-75.66887
24.068438,-76.24872
25.060442,-77.974846
25.77839,-78.00281
26.682184,-79.2849
27.602005,-79.33741
28.900988,-79.599915
31.209427,-80.25297
32.350662,-80.03817
33.290604,-79.476135
35.044857,-78.84269
36.250908,-77.76696
37.745884,-75.89859
40.06224,-72.9619
41.602036,-68.553764
43.956604,-64.741234
45.500668,-60.17242
20.409857,-60.429993
12.924524,-41.053757
13.396078,-42.123524
13.556217,-43.239544
13.878183,-44.213898
14.263142,-45.422134
14.804653,-46.34263
15.410839,-47.385468
15.846333,-48.503033
16.369715,-49.590534
17.14021,-50.418007
17.935246,-51.70195
18.78675,-52.746185
19.775063,-53.873592
21.208055,-54.819702
22.21601,-55.707733
23.286434,-56.63235
24.374285,-58.04882
25.691229,-59.292442
27.0272,-60.573063
28.195406,-62.09767
29.699873,-62.048122
31.382217,-61.68246
32.87197,-61.552338
33.80155,-62.36814
35.398815,-62.080025
37.152737,-60.63034
38.971405,-58.61579
40.85212,-55.305756
43.407043,-51.166515
20.375391,-60.50708
14.943298,-53.457367
15.336603,-53.999977
15.73242,-54.291092
16.344439,-54.850002
16.645735,-55.81758
17.11529,-56.735394
17.503365,-57.78833
17.881865,-59.09406
20.290997,-59.933605
16.488022,-58.29748
16.9065,-58.919617
17.261847,-59.541832
17.620016,-60.083748
17.950766,-60.765427
18.385832,-61.705517
19.014433,-62.640583
19.541245,-63.281
19.985193,-64.54581
20.382462,-65.868034
20.505342,-67.19584
20.73823,-68.02255
21.369963,-69.428314
21.39714,-71.0871
21.805725,-71.885376
21.984196,-72.78392
22.347776,-74.15679
22.472002,-75.5321
22.757175,-76.6618
23.04657,-78.033226
23.515364,-80.22831
23.942566,-80.905815
20.167519,-59.860325
30.124374,-69.037025
30.598679,-66.61772
31.541924,-64.72962
32.856937,-63.152958
34.42877,-62.460087
36.039814,-61.862156
37.315094,-61.254227
38.08842,-60.774628
38.499977,-60.057564
38.68758,-59.216923
38.709152,-58.559277
39.27806,-57.101013
39.216515,-55.40228
38.620148,-52.74053
38.27914,-50.020927
38.49173,-47.43761
38.637463,-45.432953
39.350037,-43.965992
40.386314,-42.71567
41.622528,-42.002815
42.235268,-42.083344
44.181858,-42.78438
44.957756,-44.25604
44.863495,-45.9294
43.060757,-47.0019
41.816154,-45.510086
41.08235,-43.39562
41.281666,-41.655197
42.383476,-39.703156
42.651745,-38.419537
20.36536,-60.256886
31.404257,-68.29757
31.28414,-69.91885
31.369583,-70.41404
31.322166,-71.665474
31.23425,-72.73795
31.414515,-73.04346
31.740242,-73.22424
31.969067,-73.6583
32.23843,-73.92181
32.22829,-73.96907
32.29675,-74.270966
32.43882,-74.25878
32.81379,-74.37427
32.586643,-74.01065
32.37428,-73.90228
32.2059,-73.92703
32.348835,-73.8301
31.870827,-73.800125
32.006264,-73.70297
32.15185,-73.67722
32.50968,-73.30902
33.014835,-72.51378
33.768227,-71.26631
34.433483,-69.94259
35.30296,-68.35267
36.49763,-66.40768
37.854572,-63.8945
39.62327,-61.185192
41.53059,-58.862537
44.390545,-55.629578
46.239494,-52.479176
48.55535,-49.771515
51.05344,-46.081154
52.517075,-40.293743
53.093185,-35.31339
54.185658,-28.469355
54.604427,-24.88377
54.81174,-22.366636
54.71406,-21.405832
54.61107,-20.009613
54.558487,-19.376272
54.54902,-19.008043
54.443447,-19.178215
54.25551,-18.198828
53.777878,-16.35995
53.082245,-14.087399
53.122334,-14.189791
52.941525,-13.415413
52.859146,-13.143888
20.367489,-59.953705
27.38256,-76.21264
28.420095,-76.037415
29.267513,-76.11033
29.681227,-76.559654
30.137085,-76.5234
30.484095,-76.26677
31.052807,-75.94968
31.69012,-75.997826
32.360428,-75.70244
33.070328,-75.1012
33.682762,-74.38383
34.597942,-72.937706
35.5548,-71.549706
36.84536,-70.01208
38.339817,-68.36748
20.487492,-60.795918
12.789509,-37.526848
13.073082,-39.609562
13.705307,-41.713646
14.224943,-44.4184
14.961103,-46.34745
15.192253,-48.19955
15.533165,-49.96506
15.900871,-51.630787
16.557077,-52.772552
17.30914,-54.010654
17.915976,-55.338634
18.522842,-56.801426
19.230349,-58.020267
20.128582,-58.8656
21.240654,-59.546906
22.157864,-60.216248
23.003445,-60.55535
23.68788,-61.52211
24.414497,-62.463715
25.009386,-63.684788
25.605705,-64.21774
26.222128,-65.34607
26.612158,-66.66599
26.821125,-68.17503
26.63273,-69.380684
26.447454,-70.82564
26.413511,-72.07615
26.29566,-73.82614
26.171593,-76.11476
26.205462,-77.07815
26.19293,-78.942345
26.17857,-77.392456
26.02764,-79.26632
26.023798,-80.63882
26.281881,-80.8578
26.480488,-81.00373
26.591202,-83.0546
26.775604,-84.43476
27.158066,-85.70297
27.784092,-87.17727
28.403957,-89.15043
28.807632,-88.97091
29.808868,-91.75121
30.225082,-91.69082
30.741718,-90.596596
31.542475,-91.06683
31.977673,-90.49709
32.408855,-89.51998
32.949924,-88.42016
33.749737,-87.2069
34.447372,-85.18448
20.402992,-60.416985
23.07443,-70.66241
22.573124,-71.80131
22.287037,-73.093666
21.879791,-74.19846
21.734182,-75.88008
21.318836,-76.51218
21.179619,-77.69937
21.153053,-79.09692
21.138962,-80.44022
21.09087,-81.96623
21.418348,-83.10278
21.838692,-84.10456
22.249529,-85.04743
22.62007,-86.6328
23.049032,-87.730194
23.460403,-89.022484
23.727228,-90.56708
23.865334,-91.325165
24.049784,-92.27592
24.1136,-92.89216
23.999367,-93.25775
24.192616,-93.074265
24.329208,-93.43373
24.520702,-93.94544
24.658447,-94.250175
24.671669,-94.19781
24.89427,-95.1614
25.113165,-96.40689
25.288187,-96.55107
25.860659,-97.06261
26.210762,-97.27581
26.23882,-97.5131
20.339025,-60.420155
31.614475,-75.874016
31.416721,-76.22627
31.36701,-76.11673
31.213228,-76.047226
31.215528,-76.157715
31.192717,-76.9559
31.41786,-77.25288
32.04389,-77.62577
32.781567,-78.2709
33.07742,-77.85105
33.624302,-78.47616
34.00688,-77.881714
34.500393,-77.53975
34.99639,-76.63403
35.98125,-75.48136
36.912846,-73.3269
37.81203,-71.46625
38.81666,-69.68715
39.964817,-66.88476
41.06976,-63.601593
42.69891,-60.000404
44.723618,-55.168575
46.824127,-49.96642
49.369164,-44.68241
50.850864,-39.40196
52.400814,-33.65741
51.537067,-30.408443
20.277798,-59.890617
13.0972,-33.500786
13.395702,-34.664948
13.589767,-35.59247
13.760883,-36.776787
13.837614,-37.495052
13.925776,-38.28385
14.144003,-39.27896
14.455324,-40.227715
14.651735,-40.818306
14.815435,-41.3748
15.076118,-42.139355
15.805178,-42.838673
16.247818,-43.85231
16.667257,-44.940437
16.832045,-46.06423
17.032366,-47.095222
17.155182,-48.324764
17.241009,-49.50451
17.259686,-50.856564
17.475744,-51.765972
17.566141,-52.96547
17.755646,-54.086403
17.882124,-55.54593
18.018192,-57.059208
17.85391,-58.83213
17.555748,-60.83239
17.305122,-63.105083
17.32988,-65.00877
17.52693,-66.86259
20.339607,-60.447792
12.916431,-24.731445
12.742628,-25.656546
12.598967,-26.6207
12.49198,-27.572468
12.733652,-28.840887
13.192352,-30.695732
13.439781,-31.849873
13.7366085,-33.070175
13.96097,-34.289978
14.515139,-35.837433
14.868856,-37.049683
15.542101,-38.525814
16.410412,-39.725594
17.529732,-40.944675
18.412546,-41.89944
19.151232,-43.08978
20.137272,-44.591805
21.581877,-45.50051
22.91946,-46.443863
23.985382,-47.281563
25.194986,-47.84269
26.385326,-48.728397
27.313879,-49.861195
28.154545,-50.970966
28.483994,-52.320427
29.092422,-52.92587
29.487825,-53.68212
29.843647,-53.994835
30.133661,-54.02787
30.354265,-54.16768
30.330149,-54.547256
30.36985,-54.743324
30.574345,-54.351494
30.981735,-54.373264
31.228102,-53.896248
31.706297,-53.41973
32.13241,-52.149685
32.584106,-50.711815
32.901524,-49.71144
33.456844,-48.546093
34.01836,-47.230656
34.87326,-45.739025
35.751152,-44.305676
36.410686,-42.492672
36.88122,-40.843624
37.101315,-39.15529
37.084118,-37.079548
37.16508,-35.173645
37.425632,-33.014313
37.749115,-31.858654
38.31373,-30.039715
39.171993,-27.900614
20.290274,-59.92384
14.167124,-23.82901
14.6479,-23.977968
15.03043,-24.067493
15.602537,-24.078741
15.814434,-23.97761
16.63462,-24.267134
17.690527,-24.706001
19.082983,-25.18784
20.815393,-25.839022
22.65449,-25.82744
23.320293,-25.084663
25.193964,-26.204014
20.327703,-60.336334
21.030233,-92.42956
21.090836,-93.13283
21.212696,-93.63362
21.376108,-94.088585
21.736702,-94.677155
22.412497,-95.11807
23.290903,-95.70929
23.912077,-96.077805
20.322817,-60.43795
12.512253,-27.970545
12.908991,-30.077559
13.116259,-31.521498
13.295874,-32.951527
13.437185,-34.403084
14.006664,-36.214756
14.219425,-37.77735
14.398857,-39.589718
14.5311165,-41.15906
15.072538,-42.70976
15.368147,-44.02722
15.456657,-45.507835
15.719858,-46.65614
16.105738,-47.493855
16.243433,-48.469765
16.353167,-49.520405
16.358269,-50.782333
16.441465,-51.323902
16.549635,-52.443466
16.871012,-53.632736
17.384254,-54.605953
18.085505,-55.21259
18.694649,-56.191154
19.284863,-57.519096
20.083668,-58.588177
20.380468,-60.711636
30.514803,-77.297356
31.195734,-77.57751
31.529612,-77.099785
31.704752,-76.82163
31.725441,-77.27897
31.577744,-77.25082
31.555775,-77.713
31.633297,-76.77375
32.14312,-76.45275
32.670883,-75.77714
33.360813,-74.92265
34.42711,-73.94493
35.540157,-72.45611
36.386154,-70.68717
37.099735,-69.03378
37.61867,-67.40988
38.268764,-65.17043
39.202263,-62.90456
40.392944,-60.06685
42.258526,-55.382427
44.969204,-49.23566
45.883163,-44.63703
48.47135,-39.32183
49.49421,-35.2483
20.40478,-60.677513
16.369461,-82.82653
16.485785,-82.75467
16.528944,-82.715
16.820028,-82.59973
17.23774,-83.362564
17.596722,-83.57273
17.780014,-84.51187
17.914896,-85.48844
18.117565,-87.60576
18.47015,-88.86433
18.917229,-90.12035
19.146662,-91.42435
19.302715,-91.54633
19.48693,-91.993065
19.854145,-92.027145
20.083174,-92.40579
20.593252,-91.18322
21.394001,-92.25761
22.584324,-91.92904
23.433636,-92.72357
24.150324,-93.74404
23.948294,-94.712776
24.241581,-95.17387
24.656918,-95.4652
25.01683,-94.9832
25.605833,-95.237495
25.30283,-96.10855
25.413067,-96.53397
25.462933,-96.31234
25.089924,-97.0023
24.688751,-97.397804
20.378208,-59.564564
28.162333,-75.11135
29.163021,-74.38541
30.356722,-73.5763
31.901114,-72.19312
33.351616,-69.863785
34.15597,-68.40885
34.807404,-66.52161
35.332336,-64.22477
35.835712,-62.03995
36.147163,-59.788692
36.556053,-57.685837
36.54733,-54.874374
35.425278,-52.81299
34.687008,-51.32278
34.34661,-49.657898
34.03871,-47.384457
33.41197,-45.62318
32.909412,-44.347565
33.06161,-43.314327
32.027294,-42.47666
30.992659,-41.693993
28.776234,-40.315907
26.27547,-39.017475
26.18518,-37.334892
26.45266,-36.290817
26.658396,-35.26485
27.170553,-34.12852
28.113941,-33.453346
29.187284,-32.29324
30.466303,-31.480253
31.812307,-30.568804
32.977085,-30.27956
34.211014,-29.535442
36.501762,-27.829994
36.413746,-28.630737
40.025715,-26.929071
43.159718,-26.907688
47.619934,-26.65914
51.293274,-26.527105
54.14485,-27.662457
55.143234,-34.51597
20.516285,-60.708
29.37051,-64.99383
30.262781,-65.18487
30.996939,-65.01174
31.703707,-64.85854
32.643867,-63.245827
33.756767,-62.03791
20.274696,-60.12354
13.791981,-48.08607
13.897533,-49.18639
14.318577,-50.10356
14.5044,-51.096615
14.7133045,-51.975056
14.871628,-52.807243
14.977198,-53.689316
15.142504,-54.5493
15.347561,-55.474575
15.518663,-56.505882
15.813038,-57.10904
16.132376,-57.62075
16.625368,-58.450657
17.287472,-58.560493
17.623283,-57.707413
18.347216,-57.62105
19.272919,-57.487747
20.406214,-57.477795
21.846264,-57.51075
22.584946,-57.401394
23.249186,-57.352604
23.925243,-57.53064
24.825771,-57.28247
25.712574,-57.301403
26.716822,-57.294235
27.741323,-57.354908
28.843473,-56.914486
29.919271,-56.58219
31.045494,-56.4275
32.223186,-55.941063
33.857094,-54.617664
35.215935,-53.695293
36.465572,-52.38809
37.528774,-50.837597
38.64275,-49.36663
39.686085,-48.505306
40.92066,-47.449226
42.113003,-46.13728
43.93575,-44.86361
46.847866,-42.917984
20.158268,-59.705387
13.534309,-25.79289
13.390789,-26.382822
13.166067,-27.142317
13.174175,-28.665874
12.972588,-29.285912
12.675272,-30.307907
12.282375,-31.10657
12.2129345,-32.410007
12.218548,-33.118927
12.35029,-33.928204
12.632801,-34.91973
13.291084,-35.584724
13.671949,-36.167534
14.005451,-36.947468
14.349766,-37.73942
14.890844,-38.64393
15.413937,-38.64717
15.856567,-38.853577
16.331432,-39.562157
16.882967,-40.66259
17.371832,-41.434715
17.861921,-42.108315
18.347809,-42.6953
18.735485,-43.071598
19.318388,-43.664482
19.978514,-44.438187
20.43387,-45.3467
20.997906,-46.393505
20.508213,-60.54278
29.951166,-71.635635
31.026901,-70.96911
31.019392,-72.553696
31.689058,-72.48697
31.96125,-73.27908
32.36283,-73.78028
32.8253,-74.413185
33.289192,-74.54363
34.178753,-73.75197
34.982933,-73.68995
36.133503,-72.143005
37.448444,-69.960945
39.330387,-66.312386
41.74313,-62.114433
43.33614,-59.925343
43.485256,-60.394615
44.32056,-59.32958
45.18177,-58.51974
46.807682,-58.0759
48.313038,-55.775497
49.048542,-54.543243
50.735554,-52.83193
52.582123,-50.79326
53.76836,-50.039303
53.996933,-48.706604
54.070625,-51.110176
54.657948,-51.586716
55.089123,-52.528614
55.369957,-52.784805
20.125095,-59.815865
14.610456,-68.153496
15.429804,-69.2089
15.921238,-69.94091
16.416546,-70.62173
16.847866,-71.028046
17.348623,-71.643234
18.014404,-71.84527
18.399672,-74.167336
18.632975,-73.58272
18.807592,-73.81762
18.912834,-74.03107
19.48238,-74.462875
19.258383,-75.38508
18.406622,-75.95171
18.31991,-76.3211
18.518387,-76.522896
18.00374,-78.61788
18.408863,-78.59406
18.64097,-78.37647
19.060328,-78.59047
19.469559,-79.633
19.87425,-80.36964
20.427074,-80.819435
21.522667,-81.62322
22.393478,-82.25865
23.083714,-83.92805
23.385231,-83.37913
24.32106,-84.144424
25.55462,-85.13938
26.776342,-86.89121
27.761435,-87.498764
28.676046,-88.436134
29.635914,-91.218895
30.019878,-91.1215
30.60521,-91.71763
31.481289,-92.546585
31.903744,-93.17785
32.457417,-93.42509
32.777374,-92.64921
33.125008,-93.158806
33.511467,-93.55697
33.569004,-92.62413
33.638813,-92.88779
33.81787,-92.27566
34.89436,-90.45944
35.869976,-88.76216
37.49615,-86.18451
38.700836,-83.36329
40.236515,-79.77567
20.459528,-60.554047
18.588093,-45.42669
19.187096,-46.0241
19.840551,-47.091595
20.682789,-48.29778
21.23419,-49.363316
21.757345,-49.98548
22.595596,-51.055325
23.794588,-52.078644
24.889202,-52.937748
26.099056,-53.686028
27.361689,-54.31398
28.430548,-54.854576
29.331745,-55.15666
30.085056,-55.292446
30.53703,-55.865326
31.01753,-55.4766
31.469032,-55.59336
32.00538,-55.14841
32.32836,-55.150692
32.773125,-55.274357
33.146873,-54.77377
33.684746,-53.747707
34.423874,-52.731083
35.155674,-51.033363
35.69185,-49.401463
36.36553,-48.483376
36.964127,-47.80899
37.689964,-47.03356
37.92041,-46.478203
38.15153,-45.701527
38.9468,-44.830124
39.284187,-43.487057
39.72813,-42.425724
40.467194,-41.287766
41.06387,-40.184223
43.69657,-38.658264
45.321,-37.15816
47.313896,-35.68679
49.579468,-33.89321
51.58205,-32.303818
53.312923,-30.867405
54.034622,-31.211777
54.74606,-29.625114
55.172443,-26.731844
55.14433,-22.585909
55.208748,-22.146358
55.063988,-20.530302
54.74921,-18.832201
54.015533,-16.396664
52.592274,-12.991725
20.50372,-60.81316
13.224253,-37.3093
13.491461,-38.81727
13.849127,-40.455532
14.384853,-42.34489
14.929064,-44.513737
15.158894,-46.96741
14.939655,-49.529156
14.561003,-51.91518
14.569937,-53.5215
14.695454,-54.92384
14.686268,-56.297474
14.927074,-57.420662
15.27607,-58.42715
15.608429,-59.29103
16.331987,-59.9563
17.055307,-60.902508
17.719849,-61.560524
18.165249,-62.119904
18.564203,-62.840332
19.011503,-63.586296
19.508345,-64.11063
20.027872,-64.8121
20.44655,-65.65991
20.569372,-66.70231
20.813719,-67.070465
21.093277,-67.33165
21.47934,-67.57937
21.986792,-67.86839
22.694328,-68.13818
23.626097,-68.73264
24.587563,-69.40024
25.506393,-68.94354
26.768642,-68.44579
28.298143,-67.938095
30.18575,-67.172356
32.534573,-65.61495
35.549877,-63.413532
38.501217,-61.036106
41.55884,-57.744373
45.423733,-52.019474
44.931282,-54.109737
20.345978,-60.459976
13.886196,-51.81442
13.685183,-53.49832
13.856297,-54.758434
14.144293,-55.86635
14.491783,-56.91152
14.6764145,-57.8917
14.902937,-58.728138
15.054346,-59.56999
15.224867,-60.38678
15.545393,-61.185596
15.771486,-62.723434
15.874582,-61.635353
16.152706,-62.35649
16.49815,-63.38801
16.93768,-64.29351
17.200508,-65.25073
17.46328,-65.74461
17.973038,-66.66382
18.144821,-67.4763
18.44088,-66.66266
18.830923,-67.47806
19.225409,-67.901726
19.690264,-68.5469
20.227556,-68.91548
20.718836,-69.64885
21.01016,-69.8549
21.530334,-70.42911
22.267345,-70.82717
23.35928,-71.60111
24.409887,-72.35119
25.206207,-72.72456
25.96471,-72.91836
26.721481,-73.22445
27.628983,-73.47053
28.465748,-73.389854
29.351496,-73.953064
30.18913,-73.46937
30.74085,-73.52529
30.769163,-73.65437
31.086119,-73.450356
32.074047,-73.2172
32.538586,-73.24944
33.114983,-73.07125
33.614483,-72.67407
34.190727,-72.26532
34.60862,-71.97149
35.01857,-71.676094
35.383644,-71.31693
35.966797,-70.57897
36.282475,-70.29296
36.545708,-69.3378
36.716946,-68.331566
36.99129,-66.55736
37.283867,-64.99668
37.574947,-62.98825
37.915554,-60.526573
38.597076,-57.026024
39.31031,-53.007736
39.938385,-49.18904
41.42369,-45.639534
42.018963,-43.26626
43.12177,-40.886906
44.688423,-37.54539
46.94185,-32.55583
48.02332,-28.518087
48.852722,-23.727825
49.42003,-19.267899
20.361504,-60.21492
20.7319,-93.7365
20.01496,-93.675514
19.347027,-93.334496
19.413807,-93.022514
19.567968,-93.3904
19.733799,-93.564835
19.834019,-93.61354
19.96648,-93.47042
20.712244,-93.504845
20.547218,-60.824043
19.031612,-84.19111
19.09653,-83.31781
19.48023,-82.25456
19.79435,-81.041145
20.340107,-80.17461
21.220207,-80.27263
21.859581,-77.62476
23.215853,-76.19874
23.79329,-75.103455
24.356958,-73.676025
20.287334,-60.02644
34.23562,-75.996666
33.903168,-75.56965
33.253178,-75.21819
32.566498,-75.01396
31.53588,-74.84878
30.975079,-74.46469
30.043917,-74.78101
29.290718,-75.15269
28.38593,-75.63208
27.497856,-76.33899
26.50782,-77.31541
26.008793,-78.714615
27.106007,-77.85497
28.201193,-76.41298
29.239672,-74.73423
30.365597,-73.4526
31.285856,-72.89295
32.01672,-71.65597
32.6121,-70.33524
33.037003,-68.33426
33.130913,-67.14311
33.332172,-65.79238
33.006733,-64.660324
33.024143,-63.556698
32.976913,-63.03639
32.806667,-62.63652
32.655094,-62.141525
32.541187,-61.351006
32.308235,-60.90028
32.20255,-60.639538
31.674091,-60.503212
31.4028,-59.799633
30.943962,-59.493614
30.556854,-59.326977
30.26099,-59.15253
30.118177,-58.395325
29.941807,-58.034885
29.998362,-57.765926
30.116161,-57.117004
30.678226,-56.234974
31.115877,-55.70018
31.866526,-55.039814
32.76087,-53.686882
33.607193,-51.91115
34.347218,-50.268215
34.858696,-48.751328
35.61495,-47.39966
35.409832,-45.864098
35.03002,-44.629814
34.41892,-43.737343
33.583897,-43.13569
33.325947,-42.69401
33.329567,-42.416702
33.16657,-42.19091
33.735275,-41.65079
34.476955,-41.957462
35.351612,-41.917496
36.44244,-41.606358
37.6921,-41.626167
39.668526,-41.142254
42.408237,-38.988148
44.975536,-36.60953
48.139397,-33.333607
49.90944,-30.47306
50.72589,-26.895761
51.258312,-23.210081
51.078632,-19.599075
50.08259,-17.926971
48.14003,-16.287466
46.253437,-15.493049
44.094433,-15.03039
42.69188,-15.646763
41.932884,-15.295422
41.402954,-14.4584675
40.670815,-11.719421
40.165253,-10.930455
39.804577,-9.371743
39.727154,-8.630779
39.83142,-8.276283
20.182133,-59.87973
20.802576,-92.72343
21.230293,-92.96826
21.65654,-93.33147
22.717836,-93.42839
23.91454,-93.354034
25.418201,-93.74408
26.74408,-95.44038
26.889639,-95.6672
27.240267,-95.60722
27.760214,-96.59596
27.79449,-96.57482
27.78365,-96.89388
27.824085,-96.634575
27.735813,-96.96638
20.501974,-60.78787
27.61951,-57.97447
27.88874,-57.34113
28.243372,-57.17419
28.284801,-57.669163
28.6468,-57.330044
28.903978,-57.28804
29.054798,-57.56294
29.15461,-57.947525
29.283775,-58.24088
29.317194,-58.8842
29.37016,-59.527332
29.345127,-60.509163
29.737106,-60.427723
29.882257,-60.78282
29.630001,-61.477634
29.538609,-61.481056
29.902306,-61.009274
30.009834,-61.436882
30.419004,-62.01511
30.85076,-62.597607
31.288944,-62.468666
31.739677,-62.754036
32.482903,-62.1726
33.34226,-62.18118
34.478848,-61.48648
20.468603,-60.90257
17.461319,-83.86999
18.13584,-83.55127
18.817894,-84.87702
19.42893,-85.04338
20.321724,-85.19944
21.160217,-84.90924
21.864134,-86.3081
22.77583,-84.77855
23.924389,-84.73571
25.634552,-85.132225
27.071157,-84.97687
28.374857,-86.65205
29.563038,-86.96451
30.584469,-86.06403
31.072617,-88.87146
32.008556,-88.401634
33.143982,-87.91408
34.764812,-85.3909
36.086308,-84.35371
37.131714,-83.49948
38.412376,-81.17082
39.74833,-79.237946
40.966255,-77.60428
41.84761,-75.05039
20.21912,-60.012577
20.251509,-93.0179
20.576164,-92.921936
21.097004,-93.30423
21.564947,-93.49757
21.864155,-93.45567
21.474937,-94.26864
22.043724,-94.45255
22.58495,-94.34313
22.025967,-95.2279
21.97254,-95.95291
22.624353,-95.78207
22.684961,-96.22078
20.407635,-59.584267
35.77295,-48.58995
35.170513,-48.097565
34.735924,-47.317207
34.090744,-46.88584
33.816193,-46.227203
33.367558,-45.685787
32.897697,-44.96481
32.452343,-44.80993
32.28355,-44.578224
32.373833,-44.19364
31.534098,-43.558575
31.445312,-42.738266
31.626144,-41.900543
31.959377,-41.18145
32.495426,-40.440125
33.33756,-39.44855
34.383457,-39.232483
35.684387,-39.292137
37.191772,-40.337654
39.395737,-41.901
41.086334,-44.19584
41.07218,-47.330395
40.105946,-48.261456
37.27823,-49.21402
35.864777,-47.95081
34.352768,-46.928505
20.365618,-60.421825
14.384748,-43.854126
14.824625,-45.22026
14.957516,-46.761673
14.906256,-48.305725
20.315842,-60.205334
14.276482,-24.962523
14.787031,-26.978928
14.238464,-25.565977
14.147345,-25.953585
14.077883,-26.349548
14.2093315,-27.013844
14.677452,-28.64204
15.1014,-29.209785
15.933474,-30.221674
16.47618,-31.579956
17.144974,-33.80663
17.287783,-35.559586
17.014563,-37.07337
17.297478,-38.542454
17.859835,-40.7723
18.04361,-42.319546
18.187473,-43.764793
18.253315,-45.120358
18.393452,-46.143276
18.361626,-47.269527
18.302912,-48.568005
18.258465,-49.755875
18.235891,-50.585148
18.282484,-51.49392
18.45895,-52.221916
18.746521,-52.94893
19.072144,-53.30491
19.319992,-54.02537
19.605204,-54.526073
19.900476,-55.180103
20.154568,-55.438812
20.41794,-56.388054
20.721848,-56.819534
21.24134,-57.36078
21.845991,-58.09704
22.37781,-58.83598
22.841915,-59.367496
23.474749,-60.24442
24.309158,-60.748135
25.302536,-62.280937
26.132977,-63.383255
27.009869,-64.328186
27.872879,-64.93684
28.66902,-65.56135
29.794254,-66.20017
30.980017,-66.59163
32.481075,-66.200836
33.497566,-65.69386
34.99277,-64.56979
36.909645,-63.258976
38.82076,-61.292175
40.976917,-57.958145
43.6086,-53.807274
45.1271,-53.109272
47.59192,-51.70387
50.358402,-48.473312
52.244854,-48.69138
53.896893,-47.537483
54.031944,-49.14614
54.5139,-49.3344
20.34827,-60.68171
12.158932,-46.019943
11.950714,-48.71317
11.870361,-50.851032
12.16412,-52.921116
12.924311,-54.670574
13.471338,-56.552334
14.057774,-58.194515
14.506641,-60.43532
15.218683,-62.66939
16.030653,-65.13988
16.741503,-67.84595
17.566032,-70.013916
18.055237,-72.1529
18.065779,-74.2735
18.490704,-75.520134
19.119844,-76.28972
19.787182,-77.202515
20.517076,-77.9808
21.243816,-78.9261
21.96569,-80.15157
22.173235,-81.988434
22.951685,-82.471695
23.559942,-82.0177
24.303421,-82.20104
25.180607,-82.51301
26.100569,-82.66077
27.065752,-82.83445
28.086632,-82.72894
29.35086,-82.44582
30.170027,-82.48309
30.870247,-82.159454
32.097897,-81.14321
33.396328,-79.63006
34.362984,-77.70614
35.52193,-76.150406
36.85259,-73.86264
38.42985,-70.84719
39.21743,-70.17584
39.636147,-69.64248
40.44019,-69.095314
41.8245,-66.298836
44.466156,-62.55622
20.415386,-60.69161
27.358545,-69.57605
27.448797,-69.52186
27.587873,-69.41789
27.64812,-69.41669
27.54286,-69.51819
27.766666,-69.73188
28.00246,-70.0922
28.140265,-70.54898
28.075933,-70.3605
27.488132,-70.62432
26.977594,-70.70562
26.729704,-70.95192
26.631317,-71.191315
26.585588,-71.859566
26.233236,-72.56042
25.726055,-73.1
25.33057,-72.93826
24.646109,-73.216606
24.18794,-73.68645
23.857822,-74.65934
23.657568,-75.47324
23.565521,-75.49797
23.784763,-75.927986
24.085497,-75.554436
24.31677,-75.503654
24.650265,-75.98597
24.76595,-75.07167
25.026718,-74.08772
25.677025,-73.29524
26.565584,-72.33569
27.72587,-70.83596
28.927855,-69.15702
30.414888,-67.59216
31.719793,-66.560265
32.98557,-65.84812
33.775093,-65.21861
34.550934,-64.960724
35.335777,-64.542564
36.14994,-63.440533
36.865486,-62.516994
37.868267,-61.10351
38.880997,-59.168118
39.941605,-55.982536
40.698685,-52.439697
41.503506,-48.301064
42.185852,-44.435356
42.64128,-41.44808
43.07507,-38.33921
43.52059,-34.511677
43.79472,-29.927853
44.43621,-26.59389
44.0245,-23.710962
44.190838,-21.33218
44.150467,-19.177105
43.82614,-18.860676
43.116764,-17.000809
42.37922,-15.322583
42.077812,-13.956649
41.39511,-14.544617
41.11675,-13.286609
40.823235,-12.270576
40.573627,-11.933331
40.088085,-13.140973
39.642017,-12.552389
39.482853,-11.764772
39.27259,-11.381013
39.394947,-11.133935
38.979412,-11.23403
38.665768,-11.162298
37.604797,-12.74674
36.93234,-13.875939
36.564262,-13.515252
36.19056,-13.204816
35.98164,-12.696331
36.02582,-12.737062
20.264921,-60.261326
12.353573,-32.704
12.401558,-33.3043
12.719503,-34.31449
12.840338,-35.03211
13.037474,-35.94684
13.238348,-37.043446
13.775633,-38.318607
14.086908,-39.79711
14.217569,-41.704697
14.176493,-43.420624
14.322157,-44.880608
14.311987,-45.983597
14.506258,-46.86868
14.74254,-47.982746
15.290556,-48.829147
15.812023,-49.32647
16.373434,-49.803993
16.914125,-50.315346
17.545122,-50.850803
18.065695,-51.722992
18.674648,-52.525024
19.436312,-53.191982
20.12587,-53.775185
20.828539,-54.447803
21.497606,-55.1357
22.266186,-55.975163
23.23506,-56.634132
24.132483,-57.305283
25.116364,-57.89071
26.157297,-58.491405
27.098066,-59.1231
27.82941,-60.174496
28.1663,-61.50295
28.650505,-62.46176
29.090881,-63.12035
29.649313,-63.0771
30.50057,-63.011986
31.790636,-62.098846
33.891216,-60.160976
36.21131,-59.85578
38.32423,-61.297512
39.075653,-63.170403
40.84044,-63.04503
42.278812,-62.774067
43.825848,-61.772278
45.356747,-59.222294
47.18271,-56.909534
50.452488,-53.85623
20.37337,-60.47326
23.296627,-59.03612
23.849361,-58.925735
24.464949,-58.38567
25.409788,-58.37922
26.159931,-58.19746
26.885838,-57.65773
27.43536,-58.29672
27.851278,-58.423462
28.161566,-58.894405
28.739088,-58.9475
29.097929,-59.560123
29.645443,-59.993137
30.065132,-60.780334
30.823666,-59.2996
31.62717,-58.983757
32.439518,-58.195114
33.27891,-57.121098
34.15858,-55.11376
34.68129,-53.582886
35.01764,-52.31235
35.351192,-51.21115
35.60871,-50.075073
35.820286,-49.44005
35.88913,-48.609753
36.01099,-48.021366
35.934418,-47.315567
35.903847,-46.85853
35.567078,-46.43206
35.701897,-45.592854
35.4593,-44.55313
35.6118,-43.271603
35.814327,-41.809147
36.637897,-40.15817
38.965126,-37.22978
20.477407,-60.58067
15.780975,-24.753233
16.824383,-26.067839
17.700108,-27.083818
18.40898,-27.91189
19.280682,-29.341196
20.149544,-31.26806
21.190033,-32.70886
22.468521,-34.215073
23.189863,-35.362717
23.616013,-37.010468
24.565449,-38.133293
25.75714,-38.1049
26.719831,-38.71986
27.4546,-39.533066
28.019077,-39.69744
28.257425,-40.815327
28.872026,-40.649303
29.487286,-41.203487
30.124899,-41.766434
30.487532,-42.5133
31.083096,-43.057674
31.824038,-43.447514
32.05837,-44.265263
31.873503,-44.942627
30.742155,-46.6456
31.204346,-46.52419
31.424946,-46.80088
31.211895,-47.50419
31.489857,-47.650436
31.854588,-47.73184
32.204014,-47.3946
32.590622,-47.389927
32.95282,-47.141743
33.688274,-46.196796
34.177692,-45.461983
34.518738,-44.617622
35.28198,-43.50555
36.292953,-42.13737
37.00675,-40.559586
38.11358,-38.600063
40.204994,-36.640396
41.241173,-35.285927
43.85105,-32.373222
20.417767,-60.486004
13.840139,-26.157568
14.166126,-27.058369
14.25839,-27.800152
14.455357,-28.659195
14.550871,-29.473858
15.393286,-31.520496
15.446728,-32.998688
15.461927,-34.712543
15.517286,-36.43311
15.808325,-38.522415
16.241554,-40.03458
16.649582,-41.544006
17.150755,-43.17147
17.57737,-44.44066
17.869467,-45.800987
17.971788,-47.21206
18.158308,-48.901993
18.241493,-50.392025
18.35418,-51.735943
18.295362,-53.084827
18.275455,-54.354553
18.300013,-55.032745
18.322084,-55.881554
18.327465,-56.805298
18.338823,-58.18005
18.932081,-58.704266
19.615747,-59.87957
20.457739,-61.19629
21.075993,-62.647038
21.816595,-64.45003
22.24875,-66.00679
22.57807,-67.64328
23.478622,-69.46618
24.458632,-70.58752
25.420837,-71.4623
26.417814,-72.23216
27.51129,-73.64234
28.40119,-74.23245
29.19837,-74.86707
29.933912,-75.41194
31.045858,-75.38991
32.76258,-74.972435
34.37499,-74.34684
35.123455,-74.69905
36.780495,-72.10441
38.752136,-70.62314
39.83495,-70.03681
42.736034,-66.94771
44.745403,-64.291695
46.106613,-62.884144
48.052074,-61.197456
49.423122,-57.959515
50.591923,-54.492664
51.830242,-51.310436
52.04286,-48.61167
51.852364,-45.684727
52.078114,-42.943947
52.451054,-40.59048
52.80948,-38.148746
52.317043,-37.12633
52.88196,-34.70911
53.47863,-32.266106
54.057354,-29.676992
54.747974,-29.79748
20.513369,-60.85689
15.490416,-81.92307
15.678848,-82.651794
15.629267,-83.70195
16.199438,-82.14609
16.93894,-82.48723
17.477335,-82.32892
17.999441,-82.17869
18.40874,-82.19471
19.208685,-82.829445
19.551086,-83.39683
19.933588,-84.13729
20.354816,-84.35989
20.603767,-85.7922
20.400757,-86.805374
20.727201,-87.74451
20.571468,-88.1345
21.005087,-88.1415
20.803255,-89.02924
20.569614,-89.25654
20.24969,-89.94699
20.156786,-90.75942
19.97141,-91.572296
20.29284,-92.2767
20.642511,-92.37797
21.116037,-92.49771
21.548002,-93.3624
22.080687,-92.98911
22.444666,-92.885185
22.655458,-93.37771
22.998716,-93.13542
23.295137,-93.11332
22.599018,-92.439896
22.111357,-91.97151
21.480856,-91.747765
20.951582,-91.73824
20.660072,-90.991684
20.621014,-91.44203
20.575314,-91.80335
20.811247,-91.86725
20.958021,-92.006065
21.237656,-92.13035
21.377163,-92.564735
21.704947,-92.888954
22.07392,-93.098366
22.642208,-93.15487
22.840538,-93.49407
22.910555,-93.97535
22.818396,-94.41135
22.734985,-94.33023
22.52583,-94.69267
22.69103,-94.18678
23.095444,-95.00547
22.754335,-95.09825
22.644588,-94.61952
21.634207,-93.30145
20.49494,-60.878506
15.228584,-81.42003
15.644693,-81.70413
15.97966,-81.19835
16.46793,-80.89544
17.112164,-81.09912
17.585285,-81.2338
18.087755,-81.10839
18.644224,-81.0315
19.137707,-80.95044
19.619902,-80.80632
20.005566,-80.00255
20.319653,-78.89566
20.842823,-79.30395
21.209133,-78.95908
21.490204,-78.98392
21.711512,-79.22859
22.312727,-79.37419
22.567968,-78.447716
22.951902,-78.38563
23.146763,-78.26413
23.364286,-78.52133
23.318245,-78.002144
23.092247,-78.78855
22.896173,-78.87759
22.18602,-78.776665
21.856146,-79.06996
21.8638,-80.026215
22.18193,-81.06911
22.553312,-82.23186
23.351622,-83.983315
23.97721,-84.11745
24.989666,-84.80364
26.157373,-85.66095
28.044792,-84.93116
20.487555,-60.65132
16.451973,-60.998684
16.85351,-61.6678
17.378904,-62.48033
18.003931,-62.893013
18.751667,-63.586533
19.177837,-64.00467
19.79507,-64.75893
20.45128,-65.37848
21.406862,-65.98223
22.159697,-66.6947
23.17279,-67.34338
24.251848,-68.398224
25.328651,-68.285805
26.401285,-67.9121
27.45359,-67.93198
28.387869,-67.86746
29.32568,-67.37132
29.940006,-65.84636
30.510653,-64.9739
31.164064,-64.27556
31.78283,-64.314545
32.715115,-63.01699
33.69837,-61.287933
34.231434,-59.246815
34.649483,-57.38913
34.385498,-54.587574
34.35598,-51.832703
34.382545,-48.71283
34.61802,-46.48341
34.726574,-44.467976
34.784885,-42.43303
35.133266,-40.38067
35.55669,-38.603638
36.094822,-37.692703
36.882427,-36.368393
38.46673,-34.465736
20.34511,-60.237106
16.108625,-82.933846
15.711729,-82.57736
15.449892,-82.0272
16.0509,-82.112274
16.559885,-81.659
17.580109,-82.270355
18.03721,-83.68721
18.649555,-84.271736
19.355547,-84.37603
20.321135,-83.48094
21.467697,-83.61142
22.600946,-83.2594
23.921944,-83.011856
24.925303,-81.97012
25.55494,-80.55847
25.879004,-80.0108
26.33495,-79.55132
27.102556,-77.50947
28.766678,-75.75032
29.888197,-74.201866
20.45984,-60.556904
25.830305,-67.839386
27.489515,-67.88565
28.89406,-68.445946
30.308056,-68.89467
32.28369,-68.01072
34.43323,-66.79519
36.489044,-64.942665
38.63832,-62.605103
40.829617,-58.5196
42.97388,-53.625793
45.689987,-48.208157
46.785053,-43.01044
48.113285,-39.193256
49.08495,-34.37954
49.741005,-28.128817
49.461422,-23.69914
49.14398,-19.747877
48.701725,-17.5598
48.46533,-14.137123
47.662937,-10.770589
46.848137,-7.9418635
46.31531,-7.8135242
20.513302,-60.8632
15.555544,-46.93283
15.963079,-48.161972
16.207693,-49.485714
16.572933,-50.77639
17.048464,-51.780518
17.30319,-53.02001
17.586967,-54.020573
17.836359,-55.075134
18.221876,-55.96706
18.550604,-56.94375
18.953606,-57.922173
19.756283,-58.993977
20.647821,-59.385944
21.286804,-60.070194
22.050528,-60.70179
22.595312,-61.508175
23.257643,-62.335663
23.467346,-63.629322
23.45496,-65.02399
23.84343,-66.73397
24.207266,-67.95799
24.438549,-69.46216
24.696404,-70.8748
25.101973,-72.47859
25.233541,-74.12968
25.728498,-75.3105
25.998106,-76.53332
26.418173,-77.267166
27.160465,-78.88929
27.24816,-77.78311
28.131971,-78.18977
28.9339,-78.74141
30.005493,-78.776245
31.814991,-77.60548
33.056484,-76.31735
33.59547,-76.17696
34.69107,-76.189026
36.396408,-73.649376
38.772835,-71.62772
39.971928,-70.07627
41.347927,-68.71605
42.084827,-67.08514
42.934937,-66.129745
43.566685,-64.89183
44.50568,-62.460674
46.025494,-60.324226
46.76914,-57.719704
47.957653,-53.791973
49.67593,-49.152252
20.278933,-60.43659
22.593992,-85.27369
23.260841,-83.07132
24.125612,-81.26726
25.475334,-79.67514
26.497728,-77.81017
27.411692,-76.09216
28.155542,-74.50883
29.856531,-72.16802
30.391493,-70.351944
30.873507,-67.36915
20.435633,-60.426445
28.04407,-90.046776
27.899977,-90.45689
27.740526,-90.719215
27.579712,-91.32914
27.668434,-91.696205
28.002317,-92.10596
28.077723,-92.642876
28.337105,-92.7364
28.400715,-93.12027
28.585232,-93.37531
28.877125,-93.641335
29.372976,-94.522865
29.812534,-94.63644
30.466566,-94.86585
31.023325,-94.57875
31.638159,-94.701584
32.21344,-94.89764
32.74231,-94.77049
33.351974,-94.821625
34.438885,-94.45215
35.095543,-93.557144
35.85863,-92.78775
36.717216,-92.31186
37.53462,-91.0431
20.332712,-60.27543
23.828646,-92.56252
23.882318,-91.44497
23.582838,-90.9158
23.178339,-91.06565
23.375963,-90.09403
23.73602,-90.08
24.290049,-89.11667
25.128109,-88.69282
25.791317,-87.593506
27.045134,-87.70566
28.2351,-88.88939
29.082106,-88.019585
29.254993,-87.70803
29.849655,-89.60043
30.588598,-90.053154
31.510448,-90.84068
32.32626,-91.351395
32.689156,-91.49957
32.82327,-91.95766
20.402407,-59.929504
23.354744,-46.984207
23.806803,-47.804764
24.313087,-48.20044
24.737917,-48.63031
24.753262,-49.488686
24.954103,-50.43357
25.087936,-51.227413
25.695988,-52.010704
26.501139,-52.31868
27.295815,-52.383507
28.095924,-52.894333
28.92522,-53.336708
29.426878,-54.045433
29.928923,-54.48396
30.364155,-55.12544
30.992216,-55.373947
31.435095,-55.975647
31.84837,-56.18055
32.367065,-56.063984
32.784863,-55.795666
33.060566,-55.2355
33.87753,-54.321297
34.961872,-52.456528
36.675995,-49.059155
38.390026,-44.82434
41.544353,-40.53929
43.793392,-36.978313
20.576082,-60.820713
31.39165,-71.21514
31.165094,-71.78788
31.096779,-71.86038
30.703985,-71.80376
30.394102,-72.64852
30.370478,-72.8106
30.468378,-72.93184
30.600012,-73.202705
30.889969,-73.21153
31.037624,-73.455475
30.862127,-73.76456
30.945068,-73.68429
30.761654,-73.789925
30.58517,-73.80171
30.144213,-73.86254
30.06576,-73.70567
29.869448,-73.58722
29.796028,-73.33777
29.956074,-72.13062
30.45096,-70.51359
31.265593,-67.96026
32.173428,-65.65849
33.849007,-64.20601
35.62239,-61.997585
37.32522,-59.560524
39.0401,-57.131775
40.990273,-54.257862
43.5067,-50.70228
20.525698,-60.831562
14.692282,-40.095066
15.219355,-40.720325
15.923344,-41.69065
16.376747,-42.88726
16.89547,-44.03951
17.14795,-45.17092
17.107271,-46.421467
17.301655,-47.33968
17.587374,-48.07602
17.96426,-49.050674
18.318653,-50.11141
18.65127,-51.281555
19.047043,-51.609196
19.360273,-52.283527
19.650818,-53.165016
20.031834,-53.73336
20.912428,-54.421806
21.600708,-55.86232
22.29208,-57.186386
22.277658,-58.651947
22.552925,-59.66659
23.595263,-60.424526
24.453,-61.87661
25.196606,-63.041363
26.079435,-63.566807
27.267645,-64.30908
28.050854,-65.00054
28.954168,-65.51918
30.278942,-65.46502
31.341433,-65.253456
32.23526,-65.08591
33.298054,-64.628044
34.68148,-63.690636
35.982758,-63.050682
37.138123,-62.26834
38.23777,-60.905712
40.257,-57.616814
42.29425,-54.99803
44.416054,-53.54976
45.22422,-54.53215
46.55932,-52.133633
48.277702,-49.65348
49.422916,-46.718887
49.83924,-43.428955
50.19287,-41.23226
51.095764,-38.433586
51.361835,-33.91844
51.461746,-28.938448
50.998444,-25.28711
51.643734,-21.083092
52.331184,-18.300203
53.138165,-17.810326
53.66784,-18.858109
53.864723,-19.528341
54.376095,-19.657507
54.815983,-20.097778
55.289646,-22.012234
55.75937,-23.556631
56.268665,-25.286875
56.763577,-27.682728
57.031525,-30.383657
20.361979,-60.20355
13.264969,-26.066147
13.214928,-26.864616
13.614767,-28.534248
13.962524,-29.46248
14.2779045,-30.317722
14.603647,-31.180138
15.308907,-32.54282
15.601076,-33.289513
15.706745,-34.10524
15.782717,-35.12979
15.971529,-36.421135
15.931883,-37.389236
16.34782,-38.45945
16.57549,-39.60136
17.064869,-41.47133
17.31722,-43.12968
17.570562,-45.003155
17.931509,-46.91915
18.311314,-48.93718
18.677021,-51.23997
20.221052,-60.04407
14.279421,-23.333828
14.149994,-23.682852
14.066322,-24.140629
14.076429,-24.482443
14.097202,-24.89808
13.946951,-25.441654
14.065638,-26.394691
14.300896,-27.216125
14.41461,-27.989883
14.721544,-28.759272
15.415197,-30.232859
15.787659,-31.04629
16.230879,-31.968801
16.411264,-32.87613
16.873943,-34.504494
17.21729,-35.460022
17.469683,-36.651806
17.733107,-37.92671
18.32984,-39.412384
18.678764,-40.265133
19.013262,-41.011036
19.424467,-41.792656
20.094997,-42.440968
20.773436,-43.358864
21.514801,-44.18674
22.230473,-45.21887
22.963932,-46.067238
23.64888,-46.780823
24.20335,-47.39528
24.637451,-47.88795
24.88405,-48.327583
25.028702,-48.905556
25.042082,-49.61491
24.97087,-50.4995
24.952822,-51.21258
24.732222,-52.10151
24.5196,-52.935802
24.481813,-53.566925
24.572054,-53.717308
24.447105,-54.4574
24.44712,-55.283688
24.465569,-56.03527
24.591576,-56.381065
24.994797,-56.86966
25.313166,-57.918514
25.60047,-59.01739
26.015917,-59.79486
26.456018,-60.643345
26.916487,-61.941944
27.689545,-63.78284
28.422894,-65.549736
28.995283,-67.65943
29.691683,-69.394035
30.290352,-70.444664
31.103004,-70.82736
31.96952,-72.33353
32.65829,-73.516335
33.208115,-74.28152
33.47583,-74.89914
33.854454,-75.19951
34.048233,-76.29046
34.036465,-76.69805
33.945454,-76.71267
33.771416,-77.03786
33.659,-77.07508
33.330532,-77.1486
33.21062,-77.36232
33.362316,-78.16209
33.459496,-78.63269
33.49808,-79.19923
33.38649,-80.006195
33.835278,-81.06526
34.581406,-80.49566
36.300423,-79.08358
37.082947,-77.949066
37.96938,-77.578514
39.653683,-75.34267
40.828377,-71.86171
20.52479,-60.81991
31.903173,-75.90923
31.476416,-75.76643
31.094965,-75.62107
30.983482,-75.34807
30.665829,-75.42255
30.503262,-75.340675
30.230719,-75.337456
29.949492,-75.16348
30.086514,-74.93529
30.08924,-74.71285
30.185286,-74.14585
30.627714,-72.67228
20.16463,-59.87367
31.796774,-77.98493
32.133186,-77.16168
32.14672,-76.00095
32.553703,-75.6318
32.888874,-75.36623
33.211422,-75.0941
33.49209,-74.652435
34.055786,-74.031204
34.648365,-72.7796
35.26622,-71.743225
35.831753,-70.678375
36.559998,-69.13091
37.29583,-67.703026
38.52788,-65.82961
40.092537,-63.648598
41.794147,-60.620148
43.15479,-58.022408
20.394455,-60.71219
21.8507,-72.93964
22.589542,-73.2173
23.287516,-73.591484
23.808144,-73.18873
24.580784,-73.36876
24.875368,-73.52901
25.102642,-73.462265
25.474237,-73.353195
25.5485,-72.6465
25.723284,-72.25169
26.461096,-71.92138
27.751549,-71.63531
29.018692,-71.45271
30.086462,-71.40327
30.854048,-71.78007
31.882906,-71.79624
33.11784,-70.17994
34.42137,-68.65615
35.69853,-66.65222
37.53193,-64.29939
39.607815,-59.808258
41.317955,-54.673637
44.70987,-48.521664
46.230434,-44.854088
47.909615,-42.48795
49.82541,-40.403473
51.582848,-37.572674
53.63258,-31.473871
54.624226,-26.770807
55.591785,-25.038841
56.128036,-25.465452
56.104908,-24.296158
56.12721,-24.721533
55.72194,-22.254635
55.335693,-20.262522
54.687286,-17.994987
54.57769,-17.666933
54.516605,-17.444448
20.480385,-60.96299
19.737125,-91.370384
19.683315,-91.7045
19.709717,-91.91459
19.473204,-91.74754
19.358318,-92.76651
19.099382,-92.284325
18.909033,-92.34771
18.867033,-92.8225
18.877048,-92.794304
18.89711,-92.79942
18.587767,-92.689476
18.110783,-92.32826
17.903435,-91.90023
17.986996,-91.24249
18.557627,-90.61799
19.413446,-90.13648
20.490194,-89.68756
21.711771,-90.40371
22.872015,-90.79639
23.79909,-91.30096
24.706566,-89.94936
25.77246,-89.99204
26.738005,-89.64665
27.771767,-89.363075
28.774101,-89.10713
29.659052,-89.23162
30.07461,-91.26145
30.65986,-90.90949
31.238894,-91.09464
32.075012,-91.54084
32.86531,-91.87413
33.725044,-91.29087
35.089478,-89.34197
36.48409,-88.10647
38.512035,-86.35967
40.025364,-84.20663
41.990845,-81.21758
43.45588,-78.24046
44.877598,-75.93493
45.461227,-74.60373
45.64073,-74.26069
45.590652,-74.12083
45.585278,-73.6334
45.86673,-73.2859
20.446981,-60.65164
20.182894,-51.201763
20.557404,-51.87436
21.061176,-52.26939
21.409578,-52.636177
21.663013,-51.177494
22.554703,-51.319523
23.682934,-51.03395
24.767794,-50.858078
26.218102,-49.903217
27.069931,-48.894093
28.259445,-47.668198
29.225227,-45.782925
30.272982,-43.530647
31.01301,-41.257946
31.565681,-39.256737
32.652863,-36.942074
32.889782,-35.08174
32.731445,-32.77636
32.521236,-31.155363
20.381111,-60.66823
24.335968,-43.62303
24.339792,-44.78174
24.52062,-45.780228
24.82389,-46.57452
25.331415,-47.059525
25.842386,-47.82116
26.405266,-48.492332
27.247395,-49.074867
28.16789,-49.631023
29.09057,-50.16519
29.997938,-50.12541
31.125044,-49.33887
32.596554,-48.389458
33.828102,-47.51671
35.275425,-46.11381
37.08805,-44.620674
38.688103,-43.06447
40.649918,-41.195885
43.16058,-38.51773
46.843136,-34.485798
50.62577,-29.551247
20.225529,-60.099434
11.151163,-26.855366
11.188583,-27.197506
11.324734,-27.888445
11.394032,-28.720392
11.310917,-30.319857
11.31131,-32.23443
11.68185,-34.850307
11.808584,-37.09791
11.871035,-39.15572
11.943638,-41.279556
12.302315,-43.701145
12.408703,-46.093708
12.518028,-48.231087
12.640707,-49.99631
13.092453,-50.938824
13.270668,-52.456642
13.503515,-53.758568
13.643524,-55.231422
13.982986,-56.272457
14.190058,-57.36291
14.32346,-58.684616
14.544678,-59.496326
14.753866,-60.28886
14.530537,-62.555843
14.601398,-61.32282
14.31566,-62.68566
14.570496,-63.93931
20.53795,-60.83963
24.678698,-49.396515
26.133684,-50.054695
27.829697,-50.694706
28.989151,-52.20388
30.976751,-51.59858
33.009655,-49.41382
34.60973,-46.28197
35.861805,-43.748577
36.51778,-40.924507
36.79093,-37.9673
36.663845,-34.93387
36.626747,-31.65103
36.38694,-30.015795
36.173267,-28.155415
35.990154,-26.73748
38.254814,-25.038881
39.093742,-22.899736
20.371973,-60.22796
12.79768,-47.20473
13.164654,-48.330006
13.85828,-49.35253
14.57926,-50.469837
15.353146,-51.35717
15.990837,-52.512928
16.247519,-53.937542
16.340782,-55.46103
16.631313,-56.35134
16.94315,-57.488686
17.371916,-58.235176
17.77218,-59.006523
18.279203,-59.77185
18.736202,-60.507236
19.115057,-61.32809
19.440077,-62.189617
19.836248,-62.884323
20.40317,-62.910603
20.675673,-62.102848
21.40783,-62.123062
22.324936,-62.19226
23.065742,-62.019802
23.978165,-61.53058
25.05613,-61.121677
26.323975,-60.428143
27.737164,-59.62262
29.259867,-58.62384
30.417595,-57.997932
31.463062,-57.413948
32.720478,-56.857746
34.28784,-55.892048
35.349545,-54.744343
36.097095,-53.117146
36.804523,-51.262768
37.425392,-49.18846
37.602814,-47.442364
37.782627,-45.893356
37.834908,-44.652508
37.746815,-43.75124
37.516754,-43.083
37.395584,-42.357533
37.099705,-41.595226
36.83927,-40.752068
36.53017,-39.851833
36.386753,-38.703205
36.525738,-37.53016
36.682995,-36.716236
37.142475,-35.38265
37.955036,-33.752663
39.339523,-31.129238
41.14932,-29.445784
42.51101,-27.233938
44.733383,-24.705618
45.891033,-22.12234
45.99191,-21.10615
46.09716,-19.163956
46.285404,-18.170805
46.293205,-16.648605
46.40151,-18.554003
47.18637,-17.9411
47.747337,-16.654154
47.920937,-14.969589
47.780846,-15.834559
48.0445,-15.172317
47.963352,-13.938649
48.10535,-12.905609
20.53383,-60.66682
27.097857,-82.73331
27.374817,-84.841415
27.192493,-86.87772
27.028772,-89.16207
27.011093,-91.23053
26.97512,-92.742455
26.706985,-94.6923
25.975529,-95.506195
26.442757,-95.67514
26.055578,-96.40728
20.5971,-60.62693
16.86124,-57.06612
16.905556,-57.65948
16.592722,-58.834896
16.520424,-59.785465
16.38148,-61.983017
16.363382,-61.304733
16.398375,-61.84196
16.488958,-62.708187
16.47308,-63.74088
16.85004,-64.94816
17.077568,-66.02389
20.435064,-60.555843
15.723307,-46.598667
15.636101,-48.446888
15.712139,-50.209606
15.907759,-51.723564
16.238705,-52.786213
16.444948,-54.205105
16.57493,-55.53489
16.679306,-56.968826
16.71746,-58.22807
16.781477,-59.458733
16.70414,-60.629353
16.706161,-62.035194
16.945135,-63.460632
17.575617,-64.93599
17.99401,-66.6571
20.346518,-60.3393
14.621243,-25.026733
14.70487,-23.734123
15.376015,-24.51854
15.504515,-24.465914
15.719009,-24.538624
15.873354,-24.61778
20.42706,-60.399273
32.860622,-67.45999
34.717678,-66.099686
36.97844,-63.660378
38.11192,-63.171715
38.759556,-62.71275
40.07636,-61.775806
40.418587,-59.50664
39.5958,-59.514263
41.398083,-57.88696
44.18684,-50.313526
20.213749,-59.797207
14.0897255,-63.329224
14.324518,-64.01549
14.517105,-64.490295
14.726587,-64.99192
14.95113,-65.540764
15.097368,-66.51635
15.21644,-67.652336
15.661497,-68.67487
15.872829,-70.10364
15.913345,-71.78888
16.010462,-73.90504
16.135084,-75.93545
16.331732,-77.74337
16.614244,-79.597206
16.794985,-81.39004
16.871092,-82.808716
16.775202,-84.46751
16.675133,-85.04499
16.164774,-85.95498
16.625282,-83.90039
16.584162,-83.99177
16.707834,-84.52819
16.679415,-84.13229
16.971209,-83.90973
16.96666,-83.668785
16.959532,-84.6207
17.136726,-84.80616
17.260086,-84.600044
17.644249,-85.66114
17.715687,-85.338936
17.532682,-84.61251
17.772606,-84.27859
20.256489,-59.811836
17.472523,-83.10769
17.87611,-83.74339
18.478731,-84.224815
19.08565,-84.938095
19.491966,-85.73026
19.68008,-86.9343
20.15346,-87.79443
20.237328,-89.37375
21.086506,-88.91726
21.78153,-88.39138
22.254938,-87.39399
22.786982,-87.30501
23.101078,-87.26696
23.124266,-88.61454
23.09464,-87.0102
22.96642,-87.34787
22.738718,-87.773766
22.16042,-88.163506
21.812002,-89.081665
21.856846,-90.412186
20.422186,-60.461315
18.145971,-85.385506
17.467995,-86.13829
17.241917,-86.59535
17.37757,-86.82715
16.992966,-86.91322
16.713064,-87.84465
20.509888,-60.822876
29.07295,-50.88547
29.989977,-51.162033
30.660007,-50.656654
31.282017,-50.506824
32.03828,-49.737858
32.434677,-49.57046
32.79979,-49.144955
32.750626,-48.9481
32.759125,-48.391777
33.051033,-47.614796
32.55044,-48.145344
32.14103,-48.31414
32.007942,-48.231884
31.417316,-48.852573
30.949211,-49.377293
30.480684,-49.897102
30.674387,-49.93052
30.799377,-50.867226
29.863014,-52.881317
29.662895,-53.71211
29.74208,-54.47454
29.185625,-55.83088
28.678352,-56.955452
28.268055,-58.026955
28.262022,-58.368526
27.969782,-58.80476
27.412457,-59.564297
27.321665,-59.99939
27.33377,-60.031418
27.106619,-60.6756
26.73568,-61.916134
26.817009,-62.896343
27.219088,-62.98352
27.629116,-63.544357
27.679306,-64.58738
28.128546,-64.4062
28.621948,-64.1033
28.98364,-65.06349
29.572334,-64.67611
29.89717,-65.16816
28.374195,-67.28098
28.792717,-66.698135
29.205875,-67.16109
29.16464,-67.60934
29.194426,-67.49172
28.97911,-68.12254
29.245037,-67.704475
29.59135,-67.425285
29.625015,-66.60888
29.603308,-66.838356
29.62621,-66.3445
29.689995,-67.47155
29.976902,-67.77955
30.218662,-68.61805
30.5349,-68.39932
30.794703,-69.90377
31.273474,-70.19944
31.51377,-70.99647
32.104492,-71.58481
32.68419,-71.23325
33.266018,-70.28216
33.466736,-69.652275
33.27931,-69.4854
33.088593,-69.56776
32.66888,-69.61282
32.904106,-69.283195
32.684914,-70.27389
32.343792,-70.89128
32.909946,-70.65352
33.07427,-70.4917
32.68452,-70.73266
31.753838,-71.08464
31.227991,-71.41406
30.47987,-72.13214
29.620846,-73.35786
29.374163,-73.98065
29.247906,-74.37888
29.090158,-74.98465
28.850512,-75.98289
28.8672,-76.63358
29.213062,-78.530815
30.080555,-78.81162
31.14633,-78.255974
32.27242,-77.63692
32.86587,-76.991806
33.246002,-76.76264
33.503307,-76.27791
34.521114,-74.81958
35.58948,-72.589455
20.1271,-59.730946
21.850473,-70.38205
22.356754,-69.71348
22.76525,-68.99858
23.669765,-68.443115
24.732445,-68.52016
25.797924,-68.629295
26.771484,-68.42506
28.076738,-67.479675
29.466007,-67.952446
30.51221,-68.37952
31.862429,-67.5916
34.133167,-66.69055
35.963722,-66.37198
37.67788,-65.6449
39.553886,-64.65961
41.282585,-63.071262
43.510223,-63.035877
44.789864,-61.278996
45.30273,-62.390427
45.754566,-61.22471
45.826595,-61.325798
45.67404,-61.462086
20.399809,-60.398735
36.3975,-71.42727
37.19962,-69.5945
37.744663,-68.088356
38.31945,-66.419014
38.86842,-64.51649
40.04092,-62.065704
20.5053,-60.68811
15.893219,-74.4666
15.962864,-75.475525
16.096869,-76.28281
16.237103,-77.265816
16.171505,-78.83711
16.033337,-79.72979
16.308102,-79.92713
16.347437,-80.77514
16.759548,-81.6531
17.196348,-82.32073
17.926613,-82.94502
19.107336,-84.09872
20.112312,-85.49306
20.823185,-85.8189
21.379421,-86.7676
22.0002,-86.923454
22.653877,-87.29903
23.29352,-85.891884
23.870897,-85.69109
24.587751,-85.57663
25.302244,-84.88464
26.261404,-83.9738
27.115866,-82.901344
27.882835,-81.84261
28.20545,-82.59278
28.588291,-80.045586
29.794958,-78.26563
30.676094,-75.695
32.648365,-72.17557
35.086536,-67.13
37.280926,-60.59115
39.216183,-54.970566
42.149227,-50.434258
44.308796,-44.176872
47.655376,-40.920033
51.827374,-39.34502
52.6017,-41.64466
53.10142,-43.200558
20.39114,-60.721928
16.807905,-83.132744
16.96853,-83.48405
17.224789,-83.7503
17.956806,-83.70125
18.195,-85.09273
18.349546,-85.50394
18.337126,-85.92603
18.222387,-86.12102
18.308163,-86.684296
18.376684,-86.65115
18.1843,-87.177895
18.153212,-87.167725
18.29765,-86.96619
18.321463,-87.13858
18.23802,-88.096985
17.881718,-86.86636
17.923637,-87.37067
18.06183,-88.64259
18.22533,-88.41946
18.264494,-89.58632
18.477444,-90.044136
18.964016,-90.00547
19.567314,-90.71611
19.961487,-90.52461
20.584663,-91.16341
20.830597,-92.00043
21.373247,-92.114914
22.030844,-93.00335
22.411999,-93.96981
23.308346,-95.006546
24.424274,-96.175
24.64885,-96.68209
24.915806,-97.19032
20.381157,-60.407658
24.312828,-89.07381
25.877745,-91.77233
27.061275,-93.11614
29.324104,-91.94315
30.100256,-92.08238
32.3358,-91.22963
20.524414,-60.992855
15.507,-69.86792
15.763016,-69.07816
16.280634,-68.60829
16.77351,-67.73839
17.239183,-67.03119
17.567085,-66.33689
18.163738,-65.811104
18.574684,-64.8095
19.24328,-64.21092
19.59888,-63.43617
19.848648,-62.32606
19.950686,-61.155376
20.164896,-60.184162
20.922209,-59.76473
21.72923,-59.33936
22.61475,-58.793255
23.634428,-57.89643
24.722595,-57.35151
26.02267,-56.272537
27.823893,-54.622597
29.617828,-53.20125
30.843107,-51.88009
31.91416,-51.000828
32.644463,-51.39342
33.644215,-51.002666
34.127934,-51.71003
34.320557,-52.83536
35.02433,-53.749752
36.270382,-52.182957
37.628956,-50.36358
39.15217,-48.17091
41.47083,-45.975372
20.48594,-60.51031
16.079815,-59.802116
16.515266,-59.645573
16.654762,-59.908394
16.750978,-60.240215
16.879883,-60.4815
16.997147,-60.707466
17.099342,-60.92899
17.350313,-61.444653
17.493801,-61.15763
17.63488,-61.322475
17.864367,-61.508442
18.17497,-61.522022
18.474504,-62.104897
18.56681,-61.818764
18.683615,-62.20245
18.76986,-62.64862
19.145096,-63.745895
19.48429,-65.22987
20.190367,-66.63103
21.083452,-67.85724
21.7329,-69.21565
22.546673,-70.33599
23.35874,-71.42292
24.405579,-72.89577
20.488668,-60.63773
26.176714,-90.89604
26.062712,-91.1495
25.676975,-91.71212
25.431599,-92.29836
25.197521,-92.849434
25.123737,-92.87959
24.455729,-93.80062
24.004082,-94.22734
23.215902,-94.24227
22.518217,-94.395195
22.158241,-94.35783
21.343046,-95.31677
20.350943,-60.475105
22.693747,-94.08716
23.493427,-93.5394
24.271517,-92.584305
25.044506,-91.13241
26.227434,-89.363075
27.26635,-87.872154
28.341187,-85.99865
29.846876,-85.50955
30.548199,-85.10442
31.60496,-84.19669
32.65124,-82.50118
34.40715,-79.217064
36.076378,-75.7208
37.388744,-72.67783
20.456179,-60.496845
17.929424,-55.700497
18.002651,-56.52606
18.044415,-57.492767
18.110622,-58.399994
18.16379,-59.439808
18.235666,-60.47181
18.393557,-61.81867
18.605011,-62.97563
18.92592,-64.04032
19.127804,-64.99345
19.352554,-65.57147
19.489962,-66.71052
19.762314,-67.23316
19.907614,-68.34394
20.062017,-69.14383
20.32036,-70.99781
20.344048,-71.52564
20.529524,-72.51976
20.669205,-73.58833
20.74687,-74.95551
20.875736,-76.595375
20.861544,-77.34265
20.860065,-78.711044
20.704142,-79.62728
20.974054,-80.15069
20.842361,-81.60487
20.92839,-82.69789
20.922619,-83.40762
20.914003,-84.50254
21.04936,-85.82598
21.324934,-87.61488
21.897734,-88.03466
22.660791,-87.92045
23.437693,-88.618866
24.577173,-88.6823
25.632515,-89.19461
26.421545,-87.72964
27.25676,-88.07315
27.898554,-86.80681
29.009588,-84.89928
31.096558,-85.21321
33.541565,-84.16362
35.69848,-81.85051
36.221455,-80.94743
36.533382,-79.776474
20.365145,-60.46545
14.844025,-55.180103
15.834684,-55.380245
16.970303,-55.696697
18.260284,-56.151463
19.540464,-56.46886
20.688786,-56.802647
21.745064,-57.09397
22.085869,-56.773815
22.253788,-57.269753
22.098217,-57.96565
21.546577,-58.879734
20.26197,-59.663387
19.506464,-60.393322
18.805286,-61.227215
18.45404,-61.955345
18.180292,-62.820927
17.914825,-63.87414
17.595528,-64.75907
20.289162,-60.017635
19.58536,-57.840878
20.023808,-58.12305
20.342052,-58.74613
20.369268,-59.51848
20.542955,-60.175385
20.586988,-60.535023
21.28119,-60.347294
22.018188,-60.60906
22.608809,-60.426018
23.207457,-59.957726
24.02629,-59.055325
24.634243,-58.153477
24.923832,-56.856895
25.444897,-55.299522
26.703598,-53.43441
28.09657,-51.27447
29.669994,-48.970722
31.293974,-46.3878
33.120155,-44.234417
34.781044,-42.438416
35.916496,-39.967354
37.24206,-36.427612
39.565468,-32.57297
41.97105,-27.819702
44.728157,-23.440176
47.6596,-18.826618
48.588177,-15.163797
49.564438,-11.9002695
49.755966,-9.738195
49.591118,-9.161332
49.539463,-10.195758
49.397823,-9.54274
49.312416,-8.044826
20.44885,-60.506622
13.658833,-39.31953
14.773108,-39.915634
15.627144,-40.446373
16.527637,-40.913834
17.47562,-41.217655
18.21812,-41.72098
18.816467,-42.032707
19.08677,-41.485245
19.846893,-41.527657
21.094467,-41.630898
22.160007,-40.92344
23.370796,-39.824905
20.438765,-60.466175
25.732697,-44.618073
27.165104,-45.30906
28.026472,-46.240604
28.441063,-47.261147
28.059647,-48.864643
26.14338,-50.27363
25.574238,-51.430077
25.987494,-52.708763
26.362843,-54.12996
25.812382,-55.86762
25.622099,-57.171947
25.892897,-57.878056
26.670898,-57.36782
27.644712,-57.34023
28.633972,-57.37843
29.703148,-56.951824
31.126537,-56.118805
32.422462,-54.619473
34.415276,-51.80182
37.523712,-48.69494
39.971306,-46.948433
42.63265,-45.303795
45.38417,-43.758717
47.9374,-42.10547
49.753277,-39.978096
51.862843,-37.549232
53.12019,-35.127934
53.915764,-32.32564
54.108555,-29.685823
54.29107,-25.158293
54.32072,-21.613083
53.96749,-18.651276
53.73725,-17.724457
53.400406,-15.823658
53.02013,-14.123214
20.180397,-59.85917
21.637615,-70.54283
21.946918,-71.293526
22.477793,-72.11614
22.829865,-73.17528
22.971025,-73.12108
23.198702,-73.786476
23.45029,-74.42171
23.721684,-75.58129
23.987719,-76.73558
24.260939,-78.22723
24.448805,-79.80222
24.549,-81.424324
24.72013,-82.37022
24.866512,-83.848236
24.792055,-85.01318
25.011799,-87.42458
25.098286,-88.29681
25.235823,-88.576515
25.640154,-88.67561
26.236464,-89.67033
26.740047,-90.60074
27.0635,-90.91117
27.497608,-91.30038
28.086864,-91.8643
28.76236,-92.59577
29.441557,-92.979095
30.036121,-93.77714
30.70595,-94.49753
31.246136,-92.993576
32.00023,-92.71374
32.643948,-92.250404
33.31142,-91.447426
34.043316,-89.83284
34.935314,-88.49251
36.13227,-86.621414
20.205925,-60.02028
11.817163,-56.560482
12.256491,-57.74971
12.838213,-58.41812
13.56152,-58.974846
13.951721,-59.915806
14.11968,-60.41451
14.269602,-60.62369
14.576729,-61.646107
14.430542,-61.865704
14.558344,-62.262115
14.76844,-62.722942
14.91777,-63.661488
14.974159,-64.36261
14.920025,-65.868965
14.765469,-67.30928
14.63463,-68.35479
14.729706,-69.174835
14.77029,-70.10588
14.7920685,-71.23415
14.726519,-72.37227
14.582788,-73.588684
14.695932,-74.06317
14.87294,-74.39441
15.25952,-74.77594
15.620745,-75.28733
15.920284,-75.92398
16.188318,-76.21703
16.31895,-75.970436
17.002373,-76.210846
17.644623,-75.644455
18.371405,-74.7584
19.34784,-74.07206
20.192484,-73.53688
21.067959,-72.63309
21.726936,-72.32258
22.142572,-71.491234
23.35192,-70.79522
24.707651,-69.886536
25.694546,-69.693985
26.079844,-69.72106
26.432554,-70.11574
27.469604,-69.54259
27.544758,-68.67279
27.529114,-67.38107
27.581263,-65.8882
28.015438,-63.51922
28.671904,-61.217735
29.936623,-59.06279
31.160872,-57.222416
33.028114,-54.892933
35.585396,-52.57164
38.54452,-50.834293
41.276115,-50.22827
