pred_lat,pred_lon
20.054022,-60.555164
12.606719,-53.64325
12.585741,-55.50339
12.624445,-56.791073
12.840175,-57.954742
13.431005,-59.059994
13.922945,-60.186264
14.439468,-61.293907
15.143919,-62.338318
15.929853,-63.1276
16.329046,-63.136314
16.72473,-64.12247
17.315092,-64.868866
17.659271,-65.699554
18.21523,-66.17731
18.707691,-66.77717
19.284565,-67.276596
19.824497,-67.95983
20.52185,-68.44262
21.160208,-68.611015
21.481968,-68.91719
22.061619,-69.55504
22.885195,-70.229095
23.81338,-70.76424
24.89716,-70.95053
25.925154,-71.254295
27.171831,-70.630196
28.421017,-70.11998
29.604053,-69.83307
30.977737,-69.23124
32.53516,-68.68144
34.23593,-67.95082
35.798233,-66.96081
37.323494,-66.30828
38.394825,-65.738235
39.24373,-64.836876
39.8774,-64.073456
40.023045,-62.86853
39.94979,-61.57624
40.09636,-60.051018
40.410137,-58.646732
40.34314,-57.911854
40.08195,-57.41053
39.75064,-57.137836
39.165657,-57.094128
38.57611,-57.24098
37.67815,-57.06903
37.36199,-57.08368
36.887173,-57.55486
35.855133,-59.16517
34.58388,-58.69505
33.706013,-57.642933
33.35752,-57.368465
32.81817,-57.316734
31.805006,-57.030064
31.487852,-55.783455
31.603907,-55.45933
31.673624,-54.95119
31.87475,-54.55912
32.04674,-54.03302
32.30254,-53.80686
32.382507,-53.435028
32.762615,-52.895164
33.14162,-52.29964
33.44249,-52.00208
33.716755,-51.74998
34.133755,-51.581482
34.608116,-51.291977
34.921234,-50.71973
35.432224,-49.95961
35.962048,-48.995205
35.860626,-47.764248
35.517704,-48.404842
35.248306,-49.183987
35.252117,-49.95296
35.314648,-50.40688
35.437935,-50.94337
35.6382,-51.456665
35.80798,-51.89667
18.841917,-52.96725
7.560477,-24.65932
7.860189,-25.852922
8.441916,-26.928015
8.71674,-27.75164
8.971989,-28.822807
9.4060135,-30.08156
9.896769,-31.278467
10.4916725,-32.249207
11.170476,-33.34209
11.661232,-34.50878
12.027831,-35.518764
12.425364,-36.360638
12.729751,-37.324993
13.102322,-38.189552
13.199958,-39.269447
13.998764,-40.048027
14.86498,-40.672813
15.546083,-41.416573
16.191128,-42.394527
16.981537,-43.285873
17.657167,-44.278637
19.731504,-58.666676
27.031288,-60.841396
28.316973,-60.15787
29.359076,-59.745056
30.315832,-59.227093
31.259384,-58.202087
32.381737,-57.04041
33.560287,-55.913837
34.1264,-54.38634
34.745556,-53.301075
35.728767,-51.633
37.1282,-50.528248
38.66035,-47.89857
19.544205,-58.454365
15.966004,-40.547417
16.0772,-41.867268
16.238287,-43.082275
16.445475,-44.09521
16.86113,-45.025215
17.59649,-46.030655
18.198128,-47.113045
18.814095,-48.30568
19.50927,-49.49551
20.200844,-50.589157
20.905844,-51.754845
21.734697,-52.91864
22.75109,-54.00813
23.943365,-54.725708
25.130213,-55.43414
26.701889,-54.977257
28.148678,-55.120087
29.506624,-54.577827
30.593079,-54.573982
31.345425,-53.803745
31.60334,-52.461594
31.64044,-50.720623
31.87932,-48.931644
31.977324,-46.728443
31.97468,-44.345547
31.642435,-42.009384
31.96571,-40.136215
32.381958,-38.454777
32.90864,-37.344723
33.46436,-36.263
33.860435,-35.666374
34.2565,-35.069756
34.65636,-34.575497
35.227684,-33.789444
35.817245,-33.341248
36.497215,-32.762505
36.911755,-32.90375
37.40839,-32.747738
37.614975,-32.554462
37.346367,-32.027824
36.93949,-31.203781
36.62127,-30.041029
36.3564,-29.35077
35.93103,-28.578377
35.074924,-28.497643
34.081364,-28.471895
32.924435,-27.971275
32.242546,-27.912556
31.39514,-27.46919
30.87073,-27.259216
30.743729,-26.973959
30.670557,-26.726889
31.035986,-26.62339
31.30961,-26.89424
31.520433,-27.349033
31.746098,-27.954405
31.967918,-28.682638
32.26171,-29.30047
32.51299,-29.971668
32.457462,-30.53202
32.288895,-30.978045
31.994156,-31.109892
31.666407,-31.33651
31.372877,-31.553505
31.006565,-31.778187
30.53714,-32.0106
29.954153,-32.331512
29.476234,-32.765743
29.114334,-33.268036
28.955101,-33.826504
28.987476,-34.563526
29.401127,-35.300793
29.901482,-35.757126
30.45779,-36.25387
31.276417,-36.767567
32.226486,-37.335102
33.417694,-37.713776
34.60827,-38.076218
35.763725,-38.415546
36.713154,-38.83877
37.43033,-39.285515
37.68693,-39.68509
37.600796,-40.134197
36.94087,-40.15888
36.45074,-40.19781
35.93351,-40.263306
35.26522,-39.993813
34.945297,-39.410862
34.735115,-38.945263
34.740257,-38.12665
34.830765,-37.26387
35.080715,-36.61463
35.51055,-35.27188
36.228245,-33.10715
37.39762,-31.176342
19.602625,-57.48595
9.809823,-29.099934
10.013432,-29.86026
10.188663,-30.654081
10.691581,-31.326725
11.010707,-31.965364
11.4012,-32.414627
11.846439,-32.91088
12.414885,-33.158745
12.916933,-33.708035
13.412629,-34.150284
13.87873,-34.623306
14.187186,-35.293358
14.5168,-36.081898
14.915837,-36.609127
15.421438,-36.958447
15.916124,-37.2975
16.264154,-38.117992
20.09762,-61.000946
28.483482,-94.77506
28.331451,-94.914215
28.238434,-95.20207
28.32689,-95.51493
28.422937,-95.698074
28.571384,-96.20516
28.816952,-96.91551
29.096386,-97.825714
29.93576,-98.44401
29.34757,-99.6873
29.430212,-100.02884
29.352364,-100.39482
29.588701,-100.63171
29.450657,-100.04563
29.188063,-100.153206
28.783468,-100.30056
28.579689,-100.59822
28.503338,-100.71477
28.089478,-100.687996
27.560884,-100.61681
27.382196,-101.207886
27.191973,-101.724625
19.797403,-59.06732
19.17031,-69.75976
19.172283,-70.37811
19.333319,-71.34505
19.407763,-72.63241
19.473406,-73.766884
19.437063,-74.53341
19.686062,-75.40025
19.846424,-76.70279
20.069069,-77.89795
20.360586,-78.88528
20.57774,-79.25167
20.859608,-80.56242
21.423794,-81.42396
21.900816,-82.205444
22.405163,-82.46401
22.95607,-82.82294
24.042515,-83.22582
24.974777,-83.02416
25.2407,-83.22296
25.518232,-83.33703
26.04244,-83.474365
26.43689,-83.35607
26.995522,-83.1732
27.578493,-82.652435
28.05384,-82.549675
28.556541,-81.99612
28.803596,-81.85003
29.125149,-81.69989
29.507933,-81.58949
29.461624,-81.76201
29.7723,-81.834694
29.87467,-82.22641
29.871962,-82.251434
29.98941,-82.74252
30.149105,-83.33127
30.276619,-83.93044
30.398277,-84.33085
30.339933,-85.205734
30.477755,-86.12555
30.752287,-86.8358
31.00629,-87.378334
31.325718,-88.297035
31.677717,-89.289505
32.434925,-89.9431
31.862091,-90.840294
31.601921,-91.11103
31.915588,-91.29033
32.369274,-90.7391
32.761623,-90.20026
33.267532,-89.78898
33.846455,-89.11045
34.511917,-88.33002
35.02125,-87.700294
35.82918,-86.71672
36.393166,-85.939
37.165916,-85.08331
37.69986,-84.20869
38.09558,-84.03005
18.85469,-53.822987
22.989897,-63.242237
23.679085,-64.31759
24.468346,-65.10722
25.263027,-65.60835
25.806484,-66.162155
26.755554,-66.79561
28.0031,-67.250496
29.974937,-65.869705
31.639278,-65.64377
32.360092,-65.85683
33.16441,-65.73387
34.19013,-64.91735
34.9972,-61.98196
19.862299,-58.67648
28.279623,-90.49376
29.18287,-88.79947
29.808847,-87.216484
30.734777,-86.562515
31.44183,-86.3244
32.20279,-85.68422
32.80058,-85.43725
33.299473,-85.04671
33.85838,-84.476715
33.879543,-83.82193
33.900524,-83.07033
33.92096,-82.11901
33.942284,-80.48811
34.163536,-78.97023
34.265705,-77.94501
35.64982,-77.493164
36.052067,-75.59366
36.84728,-75.27818
37.676517,-75.31686
38.78991,-75.115974
39.53919,-75.18481
40.32156,-74.85509
41.437866,-74.25593
43.21954,-73.79075
45.191036,-73.46014
18.6523,-51.353718
37.062126,-46.54589
37.404163,-45.35006
37.92459,-45.01748
38.16692,-45.02667
38.086143,-45.33403
37.873196,-45.10436
37.931053,-43.161144
38.544006,-40.6956
39.211655,-38.402866
40.47523,-36.361187
41.801113,-33.29983
44.781567,-30.522974
19.507172,-57.777836
34.532524,-66.22853
34.3588,-63.713078
33.878967,-62.10531
33.525127,-60.485737
33.12644,-59.354984
32.649784,-58.494038
32.051704,-57.62005
31.57998,-56.56463
31.140068,-55.477818
31.010864,-54.33247
31.189112,-53.15803
31.958248,-52.290943
32.696335,-51.14256
34.059883,-49.402206
35.832535,-47.053032
37.682728,-44.576458
39.4302,-41.208637
40.965847,-37.10513
42.27053,-32.282566
43.2249,-27.589476
43.917835,-22.64133
45.842842,-17.485918
47.200806,-14.204841
49.20336,-13.026337
50.196835,-10.921209
19.311596,-56.886845
11.696996,-31.990538
11.888539,-33.511036
11.857316,-34.703472
11.884565,-35.90392
12.274672,-36.91327
12.823663,-37.890102
13.893524,-38.63727
14.733306,-39.51271
15.289703,-40.373722
15.802962,-41.2822
16.379328,-42.112972
16.605995,-43.022335
16.727087,-43.887745
17.056665,-44.855476
17.43312,-45.77762
17.492538,-46.650074
17.757061,-47.494705
18.262743,-48.180317
18.846502,-48.59594
19.497202,-49.218266
20.451075,-49.71269
21.69546,-50.370033
23.187948,-50.611713
24.562958,-50.925144
25.801855,-51.441463
27.358446,-50.812634
28.916267,-49.62126
31.319342,-48.699703
33.101254,-47.056858
35.167408,-45.48358
37.507904,-43.78448
40.22677,-42.4216
43.151104,-41.265163
46.385246,-40.628735
49.100853,-40.402107
50.60571,-39.73607
52.846573,-37.27274
55.598427,-33.486782
59.180737,-28.4749
61.539722,-24.608541
63.507763,-13.199441
64.3478,-4.550735
65.002846,-0.53033465
65.06979,3.7017822
64.688644,6.987442
62.938515,10.053363
63.25395,11.134451
19.921997,-58.875267
16.977262,-80.70386
17.286613,-82.03266
17.597847,-83.426155
18.398472,-84.71378
18.879343,-85.92199
19.047913,-87.170364
19.077353,-88.57061
19.146744,-89.38547
19.29963,-90.16099
19.652195,-91.2642
19.926014,-92.13489
20.126635,-93.2383
20.480373,-94.350624
20.433249,-95.211494
20.518124,-96.036064
20.479042,-96.832085
20.35891,-97.2989
20.134848,-97.553665
20.096395,-97.99037
19.9294,-98.497536
19.16568,-98.841064
20.08284,-59.498005
17.554707,-30.46267
16.974335,-28.881268
14.103272,-21.603949
14.647019,-22.296024
15.367105,-23.141077
15.975958,-24.46083
16.668259,-25.700975
17.244032,-26.943611
17.651955,-28.244442
18.038582,-29.743378
18.095263,-30.971254
18.180336,-32.030632
18.281706,-32.945934
18.39544,-33.97156
18.60974,-34.998276
18.911085,-36.055252
19.116514,-37.193283
19.005249,-38.45797
18.909317,-39.687595
18.800905,-40.845566
18.679115,-41.828255
18.513355,-42.908695
18.525629,-44.032837
18.671331,-45.34685
18.75203,-46.596046
18.749018,-47.85452
18.834852,-48.9494
19.101286,-50.11182
19.743761,-51.302475
20.554104,-52.66013
20.716478,-54.49589
20.65063,-55.881054
20.63879,-56.93732
20.426743,-57.889793
20.676594,-58.745594
21.296436,-59.43031
22.058475,-60.2926
23.0609,-61.305023
24.065567,-62.477768
25.15012,-63.81058
26.05327,-64.81851
27.110174,-65.39862
27.990437,-66.007
28.9019,-66.59968
30.201258,-65.93252
31.320028,-66.0813
32.452198,-65.94104
33.29166,-64.377495
34.35863,-62.125465
36.40225,-58.473385
38.732452,-53.686203
41.940567,-49.16795
45.404064,-42.996178
19.95413,-59.579567
19.625252,-88.70872
19.899172,-89.18043
19.854929,-89.56877
19.768822,-89.812874
19.608557,-89.92165
19.708168,-89.94166
19.886948,-89.963524
19.97544,-89.936844
20.1398,-89.8234
20.745707,-89.88538
21.436432,-90.06436
21.823019,-90.132324
22.055046,-90.71446
21.927143,-91.60917
21.672737,-92.27343
21.47164,-92.71502
21.354553,-92.976585
21.308685,-93.23743
21.59834,-93.54419
21.563316,-93.78634
21.894312,-93.779015
22.34946,-93.805954
22.911179,-93.67964
23.609928,-93.28017
24.678925,-92.261055
25.904192,-91.09909
26.650158,-90.95339
27.329737,-90.17497
28.944155,-89.20573
30.280476,-88.56481
31.208729,-88.175446
33.045578,-86.84169
35.022495,-86.07538
38.480633,-85.33135
40.635365,-82.83334
42.3795,-81.87696
43.83098,-80.10944
44.955578,-78.07648
19.00884,-55.889038
14.5557575,-48.430042
14.909984,-49.23966
15.564797,-50.068493
16.443604,-50.588623
17.226366,-50.94544
17.612518,-51.12417
18.113583,-50.78129
18.736073,-50.35644
19.427637,-49.850727
20.217306,-49.50933
21.384026,-48.360165
22.791864,-46.577545
24.12859,-44.27708
27.146154,-42.437515
29.733343,-40.14707
33.01416,-38.002537
32.171074,-35.20542
36.834385,-34.253647
41.42483,-37.916096
49.115192,-33.021545
19.814188,-59.388252
13.690902,-34.62781
13.718958,-35.619125
14.044547,-36.755203
14.139813,-37.820374
14.315812,-38.729298
14.320141,-39.708397
14.5090475,-40.55562
14.687887,-41.238552
14.864577,-41.65717
14.933882,-42.102264
14.92497,-42.6257
14.697611,-43.145645
14.627117,-43.566906
13.837043,-43.636486
13.561685,-42.74809
13.691888,-42.540726
14.757067,-42.847847
14.857349,-43.927383
14.419569,-44.622894
14.291811,-45.243774
14.430481,-45.794254
14.99001,-46.533012
15.628842,-47.125507
16.4675,-47.67089
17.423937,-47.605892
18.099035,-47.633114
18.710197,-47.79948
19.098341,-47.8308
19.5834,-47.6513
20.253178,-47.574142
20.689777,-47.809536
21.07936,-47.953415
21.991333,-47.87072
22.748917,-48.2438
24.015652,-47.651062
25.131733,-47.74279
26.183468,-47.605835
27.239471,-47.481407
28.572298,-47.13495
29.840502,-46.637634
30.775259,-47.231777
31.750626,-47.50058
32.55323,-47.81639
33.017075,-48.51754
33.936916,-48.212124
34.87437,-48.33296
36.011524,-48.151653
37.46111,-47.4595
39.033615,-45.985035
40.24636,-43.312874
41.58337,-40.945908
42.732235,-37.778595
43.692364,-34.658436
44.877296,-31.89709
19.015917,-54.07527
16.98046,-36.082424
16.303465,-34.93125
16.559502,-34.932747
16.691044,-33.926098
17.187683,-33.82446
17.670628,-33.66155
20.701942,-40.591957
18.741142,-33.909195
18.160543,-33.117905
17.800182,-32.77502
17.887312,-32.819622
18.340733,-33.005444
17.777933,-31.408684
17.998228,-31.158018
17.977003,-30.70386
18.005093,-30.095531
18.304422,-29.855022
18.69081,-29.713936
19.649061,-29.520912
21.0931,-31.38196
20.736387,-29.34522
21.224134,-29.782034
21.966326,-30.021317
22.951307,-30.213955
23.842566,-30.289038
24.648172,-30.456608
25.187757,-30.27328
25.78464,-30.266134
26.27146,-30.42167
26.771643,-30.854103
27.297358,-31.387512
27.901854,-31.865265
28.50174,-32.216988
29.099276,-32.475594
29.319302,-32.669044
29.738848,-32.678673
30.128067,-32.410957
19.275362,-55.446423
13.557531,-28.84321
14.109977,-30.089844
13.977492,-29.889626
14.337045,-30.736868
15.063621,-31.660275
15.796634,-32.44571
16.654573,-32.870857
17.311499,-33.26687
17.809902,-33.664295
18.334064,-34.07949
18.934557,-34.262115
19.485634,-34.599133
19.871067,-35.167553
20.3131,-35.72198
20.917406,-36.082634
21.522648,-36.660267
22.102583,-37.151173
22.58294,-37.547997
23.002995,-37.941025
23.541641,-38.58033
24.259657,-39.258698
25.033379,-40.01888
25.339956,-41.00291
26.025833,-42.218132
27.129812,-43.213497
28.509356,-43.228527
29.482862,-43.411804
30.369997,-43.214024
31.26075,-42.128258
20.919853,-61.313347
29.8874,-82.846855
30.434265,-82.20086
30.729166,-81.47324
30.476383,-80.03067
30.674608,-78.65521
31.101107,-77.07134
30.962328,-75.60344
31.153427,-74.1872
31.429546,-73.48803
32.21537,-72.62124
33.137268,-71.37542
34.9934,-69.02655
37.391106,-67.873024
39.80896,-65.04538
42.722256,-61.482067
45.534966,-57.633995
48.471954,-54.57036
50.63322,-50.850464
52.55319,-46.776752
54.632015,-42.3453
56.00201,-37.53958
56.93329,-31.911446
56.907196,-26.03851
56.435314,-19.969147
55.594448,-13.256616
19.835356,-57.500263
13.848278,-30.124176
13.938708,-32.167934
13.950233,-34.365208
13.961166,-36.463413
14.051063,-38.408604
13.944013,-40.342995
14.044848,-42.066933
14.36183,-43.846043
14.570508,-45.505558
14.981221,-47.019257
15.495582,-48.62702
16.106663,-50.239384
16.785063,-51.775852
17.280634,-53.232574
17.864155,-54.81271
18.349482,-56.35035
18.869839,-57.899467
19.561401,-59.195305
20.35713,-60.479042
21.156076,-61.75594
21.933949,-62.78752
22.817078,-63.169746
23.544487,-63.357754
23.936092,-63.68818
24.097061,-64.07104
24.217548,-64.29424
24.578579,-64.022934
24.844654,-63.932762
25.380232,-63.80535
25.557209,-63.861404
25.688822,-64.12724
25.884155,-64.14851
26.129532,-64.16231
26.328455,-63.97423
26.527248,-63.888893
26.739418,-63.742645
26.835512,-63.669502
26.934494,-63.48672
26.955177,-63.407207
26.89473,-63.49499
27.109556,-63.577957
27.679174,-63.393475
28.000862,-63.566475
28.42549,-63.722168
28.86474,-63.69137
29.658754,-63.831852
30.39876,-63.49531
31.325644,-63.445087
32.380875,-63.32119
33.621887,-62.826946
34.885918,-62.474575
36.369167,-62.153507
38.333572,-60.80746
41.56263,-60.046276
44.326107,-58.503708
45.673153,-56.696854
47.626484,-55.50856
51.216026,-52.94479
54.910374,-48.873653
19.103024,-53.501232
35.673885,-45.94915
35.13076,-45.047848
34.186947,-45.06102
33.84662,-45.38029
33.752224,-46.094566
33.74221,-46.98914
33.95899,-47.577503
34.238956,-48.091766
34.21492,-49.02992
33.637688,-49.562435
33.436016,-48.884544
33.822468,-48.76838
33.589516,-48.59723
32.830265,-48.143356
32.762463,-45.97069
33.739403,-45.53279
33.82976,-43.62763
33.85786,-40.786777
34.80975,-40.433765
37.09785,-39.78573
37.817238,-41.45168
37.58698,-42.511784
37.519394,-43.393013
37.54372,-44.32461
37.394238,-45.33997
37.29358,-46.537106
37.090244,-47.604095
37.268402,-48.446095
36.692997,-50.06013
36.162086,-51.048878
35.10885,-51.786095
34.660694,-52.257603
34.390366,-52.70058
34.187687,-53.154182
34.089527,-53.584686
33.972855,-53.862976
33.84097,-54.27761
33.665638,-54.657417
33.438156,-55.10363
33.180687,-55.468575
32.788494,-56.0621
32.365246,-56.614346
31.733011,-57.04087
30.793417,-57.468395
30.295248,-57.68617
30.27664,-57.763863
30.174355,-57.963383
30.521631,-58.085655
31.044882,-58.23699
31.680872,-58.457718
32.36438,-58.715435
33.498077,-58.900715
34.818874,-58.93692
35.78746,-59.213783
36.199062,-59.13276
36.56358,-58.937084
36.875816,-58.533108
37.272655,-57.98629
37.881012,-57.604954
38.003113,-56.273724
37.89799,-54.82199
37.61825,-53.61027
37.00264,-52.801273
36.5893,-51.62709
36.26963,-50.465866
36.031406,-49.80225
35.436714,-48.82101
34.85727,-47.618538
34.049725,-46.506645
33.301456,-45.741856
32.17733,-45.066753
31.449854,-44.534344
30.598415,-44.22028
29.531,-44.124786
28.762362,-43.834366
28.28501,-43.54364
28.301306,-43.228874
28.986954,-42.29857
29.890167,-40.804672
30.707996,-38.075966
32.26844,-35.83244
33.424503,-32.946026
34.451622,-29.791647
35.433846,-25.753685
36.5611,-21.773495
38.03636,-17.405226
39.73378,-13.122434
41.40216,-9.552643
19.719492,-59.381504
25.826826,-80.10277
25.9976,-80.91159
26.229424,-81.890434
26.124325,-82.41803
26.280714,-83.24473
26.741348,-84.287186
27.398376,-85.219734
27.87396,-86.13003
28.233309,-86.73337
28.534502,-87.27318
28.969213,-87.72351
29.165033,-88.14372
29.338238,-88.43474
29.420341,-88.8215
29.577383,-89.08679
29.562582,-89.29669
29.853292,-89.277596
30.149567,-89.18643
30.536615,-89.393036
30.894064,-89.048874
31.116467,-89.06967
31.706846,-88.569595
31.998573,-88.073204
32.942616,-87.29194
33.736286,-86.24745
34.390793,-84.663284
34.817806,-83.25777
20.489365,-62.508453
28.768656,-91.63368
28.759682,-92.24528
28.932932,-92.88953
29.605526,-93.80474
30.418999,-94.79551
30.367533,-96.331726
29.81951,-97.5638
29.641119,-98.351875
29.513079,-98.889984
29.542284,-99.53495
29.585922,-100.43982
19.593332,-58.383698
11.311876,-54.87913
11.8597555,-56.971416
12.069586,-58.691216
12.801198,-60.244576
13.115711,-62.189693
13.412702,-64.06425
13.980394,-65.59965
14.292039,-67.47945
14.9368515,-68.95512
14.909845,-71.02612
15.481057,-72.73143
15.907053,-73.528206
16.084593,-76.58146
19.896658,-59.09373
33.018444,-75.484184
33.62061,-74.75794
34.12621,-74.59327
34.581875,-74.20055
34.80085,-73.728836
34.95287,-73.66965
34.41655,-73.62534
34.36103,-73.698326
34.495617,-74.10366
34.69829,-74.507195
34.987114,-75.18917
35.667995,-75.88652
36.711376,-76.25138
37.762604,-76.19617
38.552284,-76.20692
39.176373,-76.864395
40.185303,-76.85359
19.40102,-56.93923
13.987668,-37.23453
14.596147,-39.091618
15.134863,-40.685528
15.628039,-42.651012
16.293404,-44.559395
17.357304,-46.07591
18.125687,-47.82405
18.672125,-49.96854
19.611086,-51.603218
20.062346,-53.75671
21.050808,-54.88688
21.215055,-57.196236
21.718742,-59.01904
22.191164,-60.882877
22.811676,-62.331764
23.336107,-63.865353
23.590324,-65.20461
23.905394,-66.50918
24.31085,-67.6623
24.806938,-68.89988
25.202637,-70.176674
25.703745,-71.35067
26.26476,-72.2086
26.76029,-73.04368
27.272987,-73.87864
27.773129,-74.78025
28.329922,-75.12948
28.74704,-75.400475
29.323267,-75.364426
30.082373,-75.30322
30.975168,-74.59944
31.781378,-74.36316
32.347923,-74.05234
33.197876,-73.21867
34.16026,-71.559044
34.943336,-69.923294
36.37538,-67.83193
38.153732,-65.33001
40.196014,-62.474384
42.386326,-59.897427
43.65049,-56.96598
44.86235,-54.170006
45.80504,-50.621994
46.03426,-46.21424
46.03953,-42.826946
46.141384,-39.406166
46.676147,-35.289345
47.647602,-30.912231
47.616108,-27.477161
48.077213,-24.099482
50.128952,-20.681227
51.204063,-18.364624
52.505684,-17.454195
53.06032,-17.060339
53.61501,-16.488846
54.36116,-15.568486
54.850594,-15.920159
55.574512,-14.672826
56.242123,-13.607579
56.85394,-12.750182
19.759357,-59.049038
12.747715,-24.439093
13.069081,-25.611227
13.28499,-26.921001
13.592781,-28.213726
13.874103,-29.560526
14.318106,-30.739775
14.652662,-32.15611
14.958714,-33.59898
15.554577,-34.9324
16.071337,-36.26881
16.860697,-37.490253
17.673561,-38.706707
18.607567,-40.003265
19.89712,-40.737587
21.218885,-41.430332
22.648827,-42.138176
24.200615,-42.248306
25.504765,-42.379745
27.112555,-41.749077
27.808096,-41.92424
28.704948,-41.4615
29.451342,-40.505054
29.654959,-39.005024
29.990786,-38.78683
30.373476,-38.91465
30.38976,-38.26695
30.3846,-37.91549
30.760622,-38.05466
30.863876,-38.3364
31.16038,-38.535023
31.161661,-39.140938
30.884958,-39.545143
31.017673,-39.806087
30.883646,-40.18116
30.680473,-40.736263
30.619333,-41.25435
30.714664,-41.707653
30.904526,-42.31741
31.395073,-43.230476
32.23844,-43.65848
32.87133,-44.43686
33.66831,-44.79382
34.465,-45.174652
35.264935,-45.548744
36.092495,-45.95694
19.814484,-57.70497
11.119629,-33.485863
11.448401,-34.07417
12.050974,-34.840973
12.49267,-35.67124
13.127989,-36.605167
13.910076,-37.417706
14.528937,-38.718414
14.96297,-40.370895
15.633507,-42.169815
16.112165,-43.728287
16.270704,-45.431717
16.521814,-47.08261
17.160067,-48.775906
17.921043,-50.207752
18.609705,-51.630672
19.33246,-53.01409
20.358006,-54.251457
21.648952,-55.105877
22.904469,-55.96454
23.958874,-56.740177
24.845016,-57.563545
25.629774,-58.40468
26.377085,-59.297855
26.915833,-60.23815
27.234192,-61.25266
27.828081,-61.769154
28.424664,-62.197994
28.880249,-62.530815
29.563107,-62.4632
30.914661,-61.178547
32.446304,-59.986195
35.28931,-58.89848
37.866077,-56.953354
38.753674,-55.3367
40.00599,-54.166004
40.81165,-53.691257
41.1883,-52.62565
41.924557,-50.67601
42.406868,-47.777805
42.26046,-43.766693
43.424137,-39.381466
44.573948,-33.792778
45.39458,-28.965998
45.98288,-25.57777
47.417812,-23.066511
49.20198,-21.231512
50.824593,-19.924267
51.793198,-20.51922
53.73352,-20.123917
55.325195,-19.318068
20.215559,-59.72925
20.06235,-93.48018
20.368513,-94.29436
20.439362,-95.31171
20.368896,-95.98385
20.28413,-96.40479
20.531082,-96.93543
20.845474,-97.65306
21.524775,-98.24446
21.995077,-98.730156
21.71723,-99.27594
21.798975,-99.94277
20.453117,-62.398605
18.973015,-85.70704
18.967323,-84.92547
19.375505,-84.110825
19.732325,-82.97736
20.461489,-81.83907
21.218473,-80.88755
22.148968,-79.05916
23.69933,-78.31021
23.902493,-76.369545
24.42689,-74.554085
19.82675,-57.669415
34.89778,-78.3795
34.44779,-77.74007
33.691982,-77.14276
32.693096,-76.7274
31.708029,-76.37284
30.880423,-75.51237
29.73231,-75.95003
28.880291,-76.18462
27.962254,-76.7518
26.964518,-77.50338
26.078848,-78.81158
25.675518,-79.71312
27.04418,-79.35578
28.301773,-78.22855
29.507236,-76.77446
30.762726,-75.08931
31.478477,-74.34043
32.274242,-73.48371
32.737686,-72.357376
33.16951,-70.93556
33.31514,-69.57017
33.653755,-68.34907
33.616573,-66.712
33.604137,-65.57156
33.598625,-64.64892
33.448112,-63.742584
33.3694,-63.291603
33.169094,-62.726192
32.972385,-62.25689
32.836876,-61.916775
32.32349,-61.341362
31.922934,-61.0192
31.532608,-60.620724
31.108355,-60.318073
30.809448,-60.06045
30.46307,-59.751434
30.331762,-59.214935
30.32519,-58.921078
30.407526,-58.50103
30.826756,-57.96928
31.404905,-57.44354
32.36203,-56.76948
33.313396,-55.76308
34.176804,-54.452843
34.959503,-53.083736
35.55974,-51.86087
36.369488,-50.610462
36.154713,-48.860264
35.65415,-47.419426
35.101986,-45.732605
34.516712,-44.43495
34.279903,-43.738804
34.18191,-43.533447
34.073025,-43.115345
34.1739,-43.378963
35.16282,-43.759068
36.55032,-43.357525
37.952187,-43.05414
39.39195,-43.193115
40.998993,-41.224243
43.88507,-39.389393
46.24142,-36.952686
48.302246,-34.062805
49.58594,-30.404154
51.42574,-29.45224
51.736137,-25.998598
51.657887,-22.554163
50.71867,-18.7717
48.81472,-18.07137
46.877373,-17.903801
44.698368,-17.378567
43.768665,-15.888072
42.382633,-15.924161
40.238758,-13.56749
39.55341,-10.700508
39.9421,-8.9630785
39.57946,-6.8976164
39.38789,-8.45236
39.3334,-9.030267
19.168806,-56.067383
21.05129,-93.60706
21.353245,-94.07073
21.728518,-94.62017
22.386414,-94.99
23.32955,-95.56041
25.53389,-96.02057
26.578415,-97.370125
26.730751,-97.73892
27.119331,-98.37922
27.735413,-98.655815
27.635221,-98.92553
27.67184,-99.15275
27.650146,-99.2615
27.59103,-99.46019
20.329527,-61.636948
27.470425,-59.765503
27.935936,-58.766144
28.48383,-58.591915
28.944262,-58.51696
29.170805,-58.588417
29.410881,-58.73029
29.58741,-59.071617
29.676893,-59.548954
29.675297,-59.977646
29.704733,-60.570545
29.805876,-61.189384
29.943352,-61.695946
30.212917,-61.914223
30.340792,-62.322975
30.285885,-62.614056
30.280045,-62.490406
30.486872,-62.50252
30.65233,-62.8817
30.994658,-63.3102
31.502865,-63.57976
31.787947,-63.638073
32.338814,-64.029564
33.16208,-63.74005
34.084793,-64.00689
35.141747,-63.053932
19.940763,-60.51062
17.24556,-86.03717
18.18103,-85.81183
19.054188,-86.09213
19.832985,-86.10692
20.531998,-86.08456
21.239912,-86.24714
22.072432,-86.47913
22.708517,-86.74872
24.002079,-87.42343
25.830597,-87.47992
27.379868,-87.87681
28.547606,-88.81003
29.74312,-89.15908
30.505203,-88.783
30.975815,-89.40111
32.10999,-89.58962
33.826614,-89.8315
36.73147,-88.14704
38.372738,-87.950096
40.392963,-87.44404
41.99063,-86.0487
43.28085,-85.32969
44.995525,-83.887535
44.97429,-79.63048
19.43745,-55.71611
20.58036,-94.49479
21.075338,-95.014435
21.446766,-95.27905
21.728222,-95.79069
21.937817,-96.512215
21.985315,-97.011795
22.11754,-97.38414
22.334396,-98.13699
22.24537,-98.6845
22.279387,-99.07656
22.360382,-99.58413
21.99885,-100.143364
18.881397,-53.36995
36.52844,-51.746574
35.821133,-51.033863
35.124393,-50.247025
34.383858,-49.292248
33.894417,-48.590004
33.37213,-47.661846
32.927513,-46.634167
32.713974,-45.91708
32.54711,-45.68883
32.287834,-45.661613
31.932444,-45.517803
31.898132,-44.612053
32.07024,-43.839436
32.465984,-43.142723
32.415203,-42.141556
33.52157,-41.011074
34.547432,-41.455696
36.31169,-41.88526
38.271793,-41.44457
40.002472,-43.207912
41.5993,-46.957954
41.328712,-49.82404
40.510952,-50.544083
37.313667,-52.985027
35.92548,-51.822346
34.129547,-50.345554
20.165316,-59.34334
11.820328,-22.439928
12.02174,-23.352833
12.248901,-24.345987
12.462447,-25.563835
12.937451,-26.853468
13.759039,-28.506475
14.300725,-30.272932
14.682031,-32.150166
15.157005,-33.712364
15.634678,-35.224503
16.04956,-36.78887
16.445665,-38.368656
16.75725,-39.884285
17.383308,-41.450584
17.956608,-43.36961
18.431879,-45.4016
18.728792,-47.405712
18.921703,-49.537426
18.949692,-51.815197
18.890978,-54.188236
19.26114,-55.888397
19.655046,-57.802032
19.966686,-59.78229
20.274672,-61.643703
20.643145,-63.122627
20.938313,-64.81845
21.051805,-66.6074
21.241993,-68.24267
21.50554,-69.660706
21.701086,-71.17405
21.890049,-72.42236
22.092121,-73.63423
22.280743,-74.680115
22.494272,-75.80555
22.758705,-76.773125
22.927553,-77.49993
23.10608,-77.96901
23.317657,-78.55578
23.648355,-79.20734
24.066366,-79.94491
24.599674,-80.58315
25.385891,-81.34504
26.135399,-81.37618
27.1304,-80.50437
28.155752,-80.24669
29.124453,-80.192116
30.010368,-80.10907
30.957771,-79.894005
31.792547,-79.06317
32.75323,-78.13234
19.277838,-56.44326
10.796019,-49.07779
11.125807,-50.33406
11.327616,-51.443596
11.515863,-52.589073
11.748651,-53.82859
11.94291,-55.060226
12.1447315,-56.169716
12.367685,-57.46628
12.656135,-58.706894
12.957229,-59.866367
13.332202,-60.745293
13.618769,-61.113556
13.8226795,-61.779366
14.294953,-62.767136
14.650925,-62.89173
14.985892,-63.727043
15.768805,-64.35167
16.461763,-65.08717
17.19479,-65.87284
18.17236,-66.23336
18.689985,-66.71253
19.319653,-67.26136
20.113546,-67.84837
20.940416,-68.55447
21.927141,-69.11249
22.875563,-69.41811
23.672325,-70.007965
24.37107,-70.82312
25.112274,-71.43072
25.567446,-72.211266
26.05304,-73.0661
26.339525,-74.01973
26.637373,-74.9704
26.78271,-75.656906
26.988155,-76.48793
27.079355,-77.42636
27.126738,-78.407074
27.071417,-78.668755
27.103544,-78.77034
27.116964,-79.06381
27.126005,-79.25584
27.197361,-79.49759
27.340597,-79.65106
27.4476,-79.65463
27.329859,-79.8096
27.436464,-79.8162
27.885101,-80.005005
28.362951,-80.03518
28.904203,-80.377045
29.598196,-80.77018
30.296999,-81.032104
30.868525,-80.63282
31.506653,-80.670006
32.142735,-80.7978
32.734585,-80.4501
33.61167,-80.02165
34.28764,-79.03885
35.255047,-77.81569
35.551785,-76.60197
36.637024,-76.39334
38.04475,-74.39371
39.49488,-72.03299
41.310883,-69.69441
43.031696,-67.455864
45.41113,-64.83432
48.138268,-62.92907
49.3141,-61.11807
51.05883,-59.755253
52.443203,-57.114525
19.569149,-58.901817
13.076975,-43.717625
13.655253,-45.258278
14.371773,-47.085804
14.604447,-48.142185
14.999325,-51.33972
15.808912,-53.90646
16.78692,-57.101955
17.80711,-59.818127
18.539982,-62.810684
19.717548,-64.163246
20.915218,-65.47227
22.563162,-66.17072
23.864836,-67.25302
25.11687,-67.42432
25.710482,-67.66521
26.33843,-68.322624
26.912104,-68.63425
27.562094,-68.55609
28.401701,-68.09967
28.950281,-67.86501
29.354034,-67.535614
29.58759,-67.374886
29.544443,-67.02433
30.080235,-66.660286
19.608438,-59.04471
22.34626,-89.822334
23.205984,-89.481544
24.495384,-89.02809
26.220459,-88.55259
28.03643,-88.38336
29.733614,-87.0868
29.991207,-85.888664
31.081884,-85.04248
33.77368,-82.126045
36.186943,-78.19606
38.62426,-73.5418
40.92108,-68.895226
42.014305,-64.62125
43.437252,-61.049065
20.089897,-59.482357
12.342758,-23.84173
12.101302,-25.935383
12.059765,-27.760464
12.174824,-29.551645
12.250633,-31.3147
12.392421,-32.92799
12.417514,-34.663273
12.737916,-36.396782
13.239447,-38.09071
13.767587,-39.75695
14.327258,-41.496273
14.824976,-43.196655
15.324015,-44.95283
15.705286,-46.59755
16.093903,-48.32392
16.45924,-50.04336
16.901726,-51.630283
17.18209,-52.54104
17.468742,-53.00131
17.7811,-53.997387
18.210144,-55.161667
18.806448,-56.18009
19.425951,-57.022964
20.091434,-57.835075
20.703014,-58.61969
21.416996,-59.312916
22.223486,-59.73282
23.026531,-60.29897
23.929388,-60.76058
24.861868,-61.35738
25.99846,-61.801212
27.62653,-60.88443
28.896772,-60.900215
30.357988,-60.632156
31.999466,-60.204365
33.627007,-59.847496
35.06529,-59.877132
35.989418,-61.05421
37.222492,-60.619144
38.038513,-60.66057
38.778,-60.547806
39.26219,-60.56642
39.585396,-60.478218
39.524464,-60.561543
39.54366,-60.726696
39.581787,-61.112057
39.583443,-61.533966
39.552795,-62.02377
39.482967,-62.281208
39.87992,-62.75667
40.37611,-61.86378
40.716198,-61.213596
40.613937,-60.34375
41.13112,-59.25593
41.93551,-57.20339
42.759335,-55.356594
43.82912,-53.40654
20.15022,-61.060318
24.17065,-96.21122
24.194973,-96.97523
24.279776,-97.61855
24.048594,-98.03802
23.846672,-97.867195
23.661133,-98.06939
23.800726,-98.3592
24.024471,-98.65944
24.318605,-99.11696
24.24789,-99.348976
20.164852,-61.010277
26.190247,-85.27689
26.091476,-85.738464
26.051283,-86.123474
25.871273,-86.42302
25.725245,-86.58704
25.473808,-86.89261
25.775167,-86.577576
25.863436,-86.21817
25.985052,-85.71213
25.949,-85.5439
27.047598,-84.65062
28.047977,-84.07284
28.67461,-83.18764
29.222065,-82.76426
29.18576,-82.28718
29.877108,-81.2452
30.624578,-80.132095
31.078873,-79.21633
32.119667,-77.6698
32.95922,-75.775764
33.924583,-73.3967
34.7917,-71.23427
35.7031,-68.933556
36.731133,-67.26124
37.335697,-65.27677
37.889286,-63.39718
39.038017,-62.206867
40.195034,-60.76349
41.472828,-58.959316
43.076866,-57.239403
43.76152,-55.687275
46.287987,-52.37959
48.35835,-49.63891
50.181046,-47.404083
51.730644,-43.80048
53.66358,-40.669613
55.37639,-39.03744
55.964615,-36.99671
56.296112,-34.128735
57.372837,-31.354275
19.487228,-55.046665
31.041906,-73.162544
31.46659,-74.23932
31.80643,-75.17789
32.521336,-75.90739
33.33115,-76.67687
34.219517,-77.12222
34.88227,-76.994514
35.22819,-77.21263
36.00434,-76.82859
36.523273,-76.48337
37.16544,-75.91553
37.88767,-74.559715
38.454315,-72.482414
38.85535,-70.48385
19.978535,-60.60494
16.70552,-67.762314
17.192795,-68.27546
17.581068,-68.93601
17.758791,-70.24201
18.324352,-70.45522
19.201862,-70.71317
19.862185,-70.66739
20.340029,-70.70018
20.761114,-70.61839
21.607077,-70.94901
22.386349,-71.08705
23.125084,-71.109184
23.957928,-70.94123
24.495691,-70.93122
24.774801,-70.593834
24.874136,-70.51393
25.067947,-70.566475
25.23703,-70.07194
25.89149,-69.353195
26.492077,-68.4202
27.281773,-67.085396
28.808706,-65.77805
29.930935,-65.86306
30.950888,-65.65019
31.806452,-65.90321
32.512135,-65.93138
32.859566,-66.26584
33.034595,-66.681854
32.97495,-67.1445
33.27486,-67.75187
33.816822,-68.29308
34.204605,-68.52822
34.676136,-68.88698
35.55991,-68.49682
37.276474,-67.50372
18.830696,-54.213375
16.648567,-32.26012
17.342081,-32.996067
17.910225,-33.65455
18.714064,-34.101078
19.35379,-34.73238
20.116144,-35.11863
20.695835,-35.30342
21.05279,-35.275852
21.423037,-35.866993
22.137981,-36.55285
22.896833,-37.006588
23.550274,-37.536293
24.50806,-38.37993
25.706142,-39.229393
26.904375,-40.122555
28.164347,-41.23932
29.870012,-42.15648
31.589098,-43.151985
31.791344,-45.686264
32.129974,-47.47713
32.379993,-48.81709
32.93245,-49.836166
33.901928,-50.613735
35.59567,-49.566017
36.8315,-49.712944
38.151787,-49.400818
39.87067,-48.263012
41.438843,-46.2264
42.802143,-44.31597
43.91812,-41.66522
44.78117,-39.100906
45.25659,-34.738758
47.144386,-31.741653
48.94579,-28.024147
19.99718,-57.845993
37.46907,-64.720474
37.276054,-64.618805
37.490135,-64.38415
37.815067,-64.21263
37.671883,-64.29684
37.83096,-64.45776
38.293205,-64.630424
38.901173,-63.413105
40.107872,-61.92516
41.018158,-60.788918
41.986042,-59.95771
42.7579,-59.730453
20.585165,-61.97204
26.617065,-77.33212
27.599302,-77.40983
28.204382,-77.63486
28.79453,-78.068695
28.860382,-79.10702
28.796103,-80.202805
28.534702,-81.24077
28.363962,-81.67636
28.550232,-82.45134
28.567114,-83.02862
27.801603,-84.96198
27.084267,-86.314804
26.415857,-87.78619
25.81284,-89.18952
25.692684,-90.58732
26.066801,-92.102165
26.638535,-93.35319
26.804676,-94.44579
26.44209,-96.034546
26.403131,-97.02825
26.394897,-98.05109
26.240496,-98.70992
26.206165,-99.29155
26.115347,-100.20402
26.128443,-101.20782
20.691143,-63.00045
13.681712,-40.51519
13.7415495,-42.308872
14.522044,-43.719147
15.749542,-46.64005
17.221199,-49.71102
18.5548,-50.664745
19.644804,-51.680702
20.634535,-52.93106
21.495289,-54.07428
22.155807,-55.091583
22.846983,-55.745476
23.548191,-56.224796
24.174717,-56.39652
24.460531,-56.937145
24.618155,-57.53421
24.338795,-58.24714
24.119015,-58.978657
20.09942,-60.283665
32.481327,-72.73918
32.38441,-72.66024
32.21361,-72.74341
32.131092,-72.77116
31.948095,-72.58014
31.645327,-72.48835
31.79602,-72.39688
32.143444,-72.273476
33.094284,-71.51956
33.682816,-71.30927
34.076214,-70.90424
34.860195,-70.47277
35.824116,-69.693306
37.109043,-68.792946
38.668392,-67.384384
40.425823,-65.9429
42.2181,-64.49282
44.125088,-62.8047
45.258675,-62.140133
45.621056,-61.47024
46.461365,-60.926014
48.29757,-59.787735
19.907614,-60.072224
26.484259,-86.143265
26.88802,-86.31118
27.086031,-87.030975
27.301144,-87.771866
27.443203,-88.17083
27.154375,-88.312675
27.05592,-88.6432
26.878277,-89.01269
27.418825,-88.93515
27.610472,-88.660545
27.909275,-88.64828
28.06867,-88.10943
28.665827,-87.57452
29.53403,-87.18316
30.526592,-87.187195
31.111814,-87.444855
31.290792,-88.2028
32.432194,-88.57258
33.27873,-89.090546
34.010674,-89.70687
34.708736,-90.292114
35.472794,-90.88461
36.37821,-90.9398
37.359653,-90.936356
19.242481,-54.502075
18.63877,-88.903435
19.158934,-88.76041
19.585482,-88.75145
20.1447,-88.53548
21.007774,-87.49447
22.012135,-87.30003
23.465284,-87.24603
24.285593,-87.5069
25.071611,-86.95867
26.948858,-85.58916
27.354288,-84.883224
29.282406,-83.497116
31.478378,-82.697205
32.274063,-82.62574
33.094704,-82.35635
34.098778,-80.94983
35.48164,-78.19721
37.243763,-76.03367
39.040478,-74.63272
40.675076,-73.22922
42.470524,-71.829155
44.514786,-70.15566
47.92558,-69.49978
19.160402,-54.922436
13.197151,-84.04248
14.166701,-84.51939
15.00847,-85.5415
15.592461,-86.397484
16.076612,-87.41105
16.221256,-88.43376
16.58544,-89.3883
16.888603,-90.237206
17.051523,-90.41354
17.24653,-91.01874
17.706022,-91.95217
18.305176,-92.94191
18.829998,-93.563644
19.397331,-94.3905
19.98861,-95.326836
20.251806,-96.137955
20.30421,-96.73717
20.291058,-97.29699
20.355175,-98.03355
20.300104,-98.271324
20.154608,-98.59786
20.272032,-98.885864
19.640036,-59.6095
28.72434,-88.52636
28.461401,-88.46463
28.371988,-88.94069
28.287987,-89.36773
28.295214,-89.77889
28.314104,-90.11615
28.423887,-90.59576
28.54311,-91.13757
28.75577,-91.69966
29.033821,-92.00586
29.259682,-92.45332
29.756021,-92.9126
30.196562,-93.42773
30.34326,-93.654686
30.672935,-93.949585
31.193663,-94.40209
31.79749,-94.76385
32.439922,-95.06879
33.030983,-94.36779
33.883335,-94.25798
34.80884,-94.16738
35.56279,-94.25058
36.40168,-93.97893
37.25482,-93.81382
19.319197,-57.14789
13.398819,-45.743713
13.425616,-46.5423
13.553264,-47.291008
14.0599165,-48.156265
14.37661,-48.988293
14.738836,-49.64734
15.025808,-50.105556
15.343341,-50.72889
15.64454,-51.354404
15.944569,-51.962242
16.249748,-52.535553
16.582262,-53.432384
16.87338,-54.483837
16.780235,-55.550755
16.96849,-56.495056
17.157284,-57.44266
17.35862,-58.355423
17.550514,-59.25316
17.652613,-60.068825
17.879822,-60.86828
18.110817,-61.73501
18.580952,-62.233906
18.976788,-62.540707
19.32531,-62.81054
19.493076,-63.101223
19.222872,-55.609535
19.93079,-93.88149
20.085033,-94.6853
20.138655,-95.17789
20.120182,-95.72264
20.20525,-96.38048
19.833649,-96.74738
19.552162,-96.84563
19.826714,-96.95478
20.261395,-96.98966
21.125574,-96.326706
21.92624,-96.09778
22.482584,-96.35737
22.882452,-96.810684
23.253422,-97.13375
23.564814,-97.31213
23.719414,-97.86887
24.107132,-98.60351
24.325954,-99.13616
24.447157,-99.7585
24.195984,-100.25004
24.307255,-100.65447
20.135078,-60.077374
25.655975,-88.18506
26.63284,-87.83642
27.886337,-87.54216
28.887127,-86.345474
29.44288,-85.65434
30.068949,-85.06424
31.724138,-83.861374
33.462025,-82.1464
35.421036,-80.76155
37.812805,-78.89081
40.17765,-76.11007
42.5912,-72.96669
44.68599,-69.49913
20.102287,-60.24333
20.441366,-71.45711
21.388006,-71.914406
22.117464,-72.801544
23.266731,-73.57784
24.480507,-72.9842
25.759687,-72.94803
26.794212,-72.05859
27.85881,-71.37669
29.106556,-70.65048
30.56735,-69.06491
32.095276,-67.92593
33.611507,-67.156265
35.07523,-66.02254
36.50958,-65.54676
37.05222,-66.03114
37.41519,-66.42579
38.08403,-65.87502
38.950684,-63.728405
40.32856,-62.41729
41.69665,-59.70568
43.467197,-57.17772
45.154827,-54.11902
46.80497,-51.243385
48.26618,-47.789436
49.736164,-44.226425
50.996925,-39.99178
51.9866,-35.27116
53.04256,-29.304838
53.736256,-23.048517
20.206701,-60.309433
20.606583,-92.58296
20.70801,-93.30168
20.806198,-94.02722
20.910395,-94.73907
21.011456,-95.35492
21.321775,-96.12457
21.42545,-96.83634
21.677565,-97.575165
21.713655,-98.45628
21.465912,-99.23239
21.261211,-100.08882
20.870392,-100.951126
20.582903,-101.76031
20.386738,-102.69599
20.197903,-103.616394
20.10437,-104.53953
20.027784,-105.35947
20.119432,-106.20638
20.191502,-106.829254
20.535593,-107.57977
21.113653,-107.8745
21.619717,-108.22587
22.111872,-108.5372
22.61329,-108.82806
23.111097,-109.0228
23.6125,-109.313644
24.097202,-109.519516
24.470179,-109.66625
24.741035,-109.71653
24.808336,-109.93989
24.709578,-110.17053
24.729597,-110.45881
19.97138,-60.00446
13.704798,-59.421898
14.437658,-60.82507
14.507658,-62.495552
14.692044,-62.90793
14.967638,-64.242584
15.47915,-65.90727
16.095743,-67.3377
20.22134,-60.811546
12.542688,-46.86262
13.429229,-48.155487
14.342334,-49.663094
14.874732,-51.785988
15.511679,-53.199497
16.27826,-54.679195
16.899076,-56.35364
17.111921,-58.758236
17.117393,-61.18657
17.663193,-62.19452
17.980366,-63.01414
18.473486,-64.20218
18.740898,-64.778305
19.05669,-65.86121
19.393852,-66.56702
19.742676,-67.67692
20.145884,-69.02438
20.334476,-70.48224
20.785494,-71.96708
21.094799,-73.44806
21.038551,-75.2151
20.531229,-77.10026
19.978624,-59.880623
12.052649,-24.221197
12.502059,-25.398926
13.149064,-26.769615
13.941521,-28.160717
14.930245,-29.4688
15.645209,-30.875998
16.482925,-32.372993
17.457827,-33.746037
18.349443,-35.043724
19.155844,-36.584652
19.970337,-38.185028
20.856537,-39.722717
21.644682,-41.138092
22.441465,-42.53378
23.34348,-43.802944
24.332037,-44.985474
25.04666,-45.89355
25.240793,-46.83632
25.746727,-47.64225
26.297253,-48.479237
27.097206,-48.949474
27.931381,-49.676132
28.952753,-50.30424
30.257986,-49.86068
31.771784,-49.311806
19.595448,-56.95237
26.034357,-89.266685
26.592028,-88.947235
27.03722,-88.992546
27.598717,-88.861855
28.166004,-88.456764
28.508375,-87.75409
28.783104,-87.427
29.08389,-87.181595
29.304516,-87.04813
29.549347,-86.589294
29.57561,-86.331535
29.459755,-86.11356
29.45949,-85.92118
29.756392,-85.203064
29.713934,-84.759346
29.92159,-84.68411
29.971973,-83.26326
20.404213,-60.21551
42.106976,-34.2529
41.64497,-36.161903
41.28301,-37.8802
40.6025,-39.63242
39.97307,-41.117367
39.52344,-42.765068
38.632053,-44.54954
37.38475,-45.852184
36.46409,-46.714954
35.551865,-48.033733
34.592777,-49.261208
33.279037,-50.416817
32.54064,-50.865505
32.17593,-51.24065
31.650555,-51.222145
32.27575,-50.78864
33.456566,-49.67238
35.584507,-47.503914
37.06857,-49.519497
38.81973,-49.52061
39.592247,-49.87311
40.26413,-49.731956
40.821728,-49.781887
41.39631,-49.46808
42.29025,-48.647007
43.15613,-47.76024
44.08673,-46.51667
45.279896,-44.405216
46.254063,-40.32318
47.047115,-36.74202
47.534557,-32.886707
20.130802,-61.04036
27.897793,-94.51362
28.472391,-94.24962
29.092718,-94.75837
29.932735,-95.08036
30.400518,-94.84433
19.77827,-59.420773
23.086496,-81.4964
23.267153,-82.31278
24.221312,-82.92798
24.81183,-83.35601
25.348816,-83.74284
25.983423,-83.8602
26.744093,-83.46854
27.470125,-83.93682
28.267395,-84.11875
28.860207,-84.13996
30.475813,-83.368225
32.185024,-83.123505
33.334682,-83.34574
34.022694,-83.37672
34.39105,-82.55495
34.494877,-82.25746
19.897589,-58.346176
11.23536,-79.57051
12.013143,-79.893486
12.73098,-80.39971
13.525567,-80.65229
13.909935,-80.69009
14.375542,-80.44903
14.689804,-80.5265
15.072016,-80.46201
15.402022,-80.6078
15.867616,-80.36667
16.181864,-80.44415
16.566843,-80.37279
16.79357,-80.6253
17.460817,-80.68226
17.236198,-81.55914
16.661505,-82.14415
16.248283,-82.53757
15.533958,-82.262505
15.447146,-82.368355
15.229413,-82.34309
15.1268835,-82.38067
15.052215,-82.45871
14.948377,-82.65548
14.518764,-82.55599
14.1545725,-82.50367
14.145644,-82.13571
14.666029,-81.64537
14.605406,-80.520805
14.7850895,-79.63332
15.159609,-79.039215
15.449259,-78.73228
15.616832,-78.402145
15.7843685,-78.24253
16.115952,-78.01634
16.339495,-77.88406
16.523838,-77.75425
16.505867,-77.02136
16.456013,-76.51325
16.602009,-76.17606
16.602585,-75.961205
16.05117,-76.04365
16.14148,-76.83831
16.308445,-77.9055
16.620022,-78.97485
16.696953,-79.92677
16.84318,-81.09943
17.561848,-82.40193
18.345613,-83.56272
19.16046,-84.55741
19.964561,-84.96538
20.438787,-85.37525
20.483406,-85.43982
20.497595,-85.808754
18.757765,-55.02144
19.027872,-93.58308
19.359941,-94.680756
19.674358,-95.612755
20.133398,-96.18083
20.400164,-96.857445
20.55169,-97.72778
20.402182,-98.15925
20.00938,-58.783413
14.83228,-82.95812
15.229269,-84.31145
15.9604435,-85.37167
16.967104,-86.09738
18.234097,-86.36526
19.127975,-86.77155
20.059187,-87.32718
21.12139,-87.3615
22.098763,-87.539635
23.019337,-88.15808
24.19663,-88.78572
25.28905,-89.11706
26.138744,-89.22433
27.20605,-89.24745
28.082579,-89.47794
28.842096,-89.71627
29.351667,-89.94636
29.515673,-90.72574
29.242464,-91.845924
29.224745,-92.85018
20.001469,-60.666664
28.92592,-68.070335
28.81333,-67.576324
28.90856,-67.528404
29.003826,-67.35229
29.242579,-67.40713
29.475298,-67.47108
29.8991,-67.12943
30.267376,-67.071045
30.837048,-66.48465
31.526009,-65.024635
32.891438,-63.413918
34.044506,-61.93228
34.87676,-58.665375
35.31341,-56.700733
35.85426,-53.984352
35.492767,-52.05062
35.73726,-48.911514
35.470257,-46.86759
36.013214,-44.829376
36.21368,-42.760918
37.436123,-40.29868
39.383045,-37.499775
41.59041,-34.303867
43.119877,-32.510765
44.702515,-30.151117
45.94164,-26.399456
19.954945,-59.24856
20.811565,-95.10763
20.837645,-95.06901
20.842731,-94.68131
20.923786,-94.42101
20.975824,-93.91361
20.87255,-93.85126
20.812412,-93.83626
20.825327,-93.75125
20.47488,-93.73209
20.417166,-93.524864
20.552582,-93.66084
20.614483,-93.95598
20.618343,-94.17128
20.63421,-94.56085
20.666311,-94.97339
20.74809,-95.37766
20.763857,-95.76419
20.786814,-96.42093
20.775017,-97.3712
21.020683,-98.0958
21.192837,-98.63062
21.15618,-98.83228
19.57198,-57.681328
11.341956,-82.75744
11.741745,-82.82377
12.019257,-82.97721
12.195586,-83.41665
12.504314,-83.87003
12.797342,-84.22352
13.34232,-84.792175
13.956764,-85.587296
14.716849,-85.88906
15.354589,-86.35082
16.13152,-86.607925
17.665228,-86.001396
18.809301,-87.26084
20.430176,-87.77427
22.621464,-88.34055
24.757742,-88.10923
26.94492,-90.064476
28.680973,-90.9865
30.578135,-89.85661
30.86424,-90.08807
32.14913,-89.4408
33.778706,-88.31031
36.1221,-86.82199
39.13288,-85.4371
41.505875,-82.68757
43.493977,-79.24785
44.766045,-74.666595
46.00541,-70.244
47.35398,-66.43119
47.8592,-63.13806
48.060055,-58.624924
20.089304,-60.03216
33.22925,-68.53546
35.11819,-67.52938
37.95912,-65.34785
38.837234,-64.37816
39.69001,-63.883858
41.268772,-63.409004
41.922054,-61.459404
41.888645,-59.662518
42.513496,-59.41023
43.93489,-53.633106
19.894043,-58.35732
14.768524,-79.150536
14.365528,-79.6109
13.862504,-80.17123
13.595106,-80.59767
13.334657,-80.52248
13.148525,-80.36212
13.417086,-80.184105
13.941823,-80.069435
14.559255,-79.696724
15.428246,-79.189384
16.575054,-78.9208
17.633144,-78.66698
18.338928,-78.64129
18.89986,-78.17367
20.02907,-78.18488
20.536821,-77.73953
20.970108,-77.90215
21.711908,-77.29125
23.178137,-76.57058
24.253492,-77.552795
25.646132,-77.69051
26.505064,-78.05036
27.192963,-78.40579
27.466501,-78.36757
28.009577,-78.3139
28.829054,-78.20901
29.786757,-77.74395
30.66272,-76.6847
31.4072,-75.790794
32.128204,-75.11674
32.91281,-74.157455
33.99707,-72.678856
35.257896,-71.34229
36.139126,-72.30156
38.310844,-72.03682
38.863827,-74.10877
39.445942,-75.00548
39.941498,-74.89654
40.458515,-75.37281
40.818012,-77.006355
40.81407,-78.68328
41.110878,-79.55969
41.41671,-80.31444
41.81889,-80.77984
19.650663,-59.199203
19.253094,-47.438263
19.790127,-48.232758
20.398106,-49.278713
21.20027,-50.432396
21.738564,-51.29519
22.154497,-52.025795
22.745356,-53.14133
23.80734,-54.362545
25.14123,-55.175014
26.207045,-55.785442
27.366758,-56.35285
28.383005,-56.861225
29.446772,-57.206814
30.365633,-57.34179
30.987957,-57.83545
31.56342,-57.810043
32.09639,-57.95424
32.654285,-57.72494
33.079094,-57.669464
33.569954,-57.717545
34.092834,-57.18245
34.532463,-56.593544
35.19102,-55.8327
35.88617,-54.25959
36.522797,-52.74939
37.292744,-51.66442
37.97402,-50.772724
38.759712,-49.805897
39.27517,-48.96882
39.506218,-48.011326
40.056973,-47.286674
40.52899,-45.69773
41.06363,-44.202473
41.961575,-42.5711
42.82661,-40.95602
44.38273,-38.924805
45.8436,-37.468983
47.436695,-34.896698
49.55212,-33.730545
51.563053,-32.710342
53.650646,-31.68346
55.309242,-30.91953
56.924828,-29.930084
58.285,-27.292038
60.53708,-23.439438
61.994335,-21.880287
62.88456,-19.957592
63.859432,-17.996746
64.07958,-12.450494
62.03575,-10.209496
19.90895,-60.286
12.255696,-38.80268
12.660394,-40.395832
13.141753,-42.150627
13.716948,-43.925804
14.059118,-45.458214
14.214973,-47.021935
14.4005785,-49.90644
13.9698715,-52.94694
13.976399,-54.872795
14.271195,-56.433044
14.309781,-58.312172
14.725542,-59.686977
15.290222,-60.72434
15.798155,-61.783527
16.806898,-62.48563
17.691784,-63.459576
18.508827,-63.95579
18.99245,-64.61035
19.392103,-65.31226
19.808552,-65.98977
20.28733,-66.4445
20.700512,-67.16059
21.07174,-67.91209
21.243795,-68.363846
21.437012,-68.488846
21.667522,-68.751396
21.991995,-69.0165
22.421976,-69.37739
23.04861,-69.75637
23.84179,-70.2436
24.64536,-70.6661
25.64876,-70.40233
27.021385,-70.11792
28.572536,-69.584724
30.57901,-68.733925
34.145752,-68.313805
36.856457,-66.302734
39.768753,-63.7915
42.838566,-60.449795
45.982845,-55.652294
47.054806,-54.445198
19.363113,-57.486526
13.190861,-52.54664
12.937687,-54.408222
13.132814,-55.806732
13.5385895,-57.141342
14.176284,-58.434536
14.442018,-59.482925
14.828377,-60.463947
15.071128,-61.273705
15.283277,-62.081245
15.620724,-62.801678
15.981616,-63.324917
16.134174,-63.527527
16.44525,-64.331406
16.83219,-65.22536
17.28469,-65.948105
17.638367,-66.47953
17.94205,-66.86854
18.363577,-67.71415
18.718842,-68.097466
18.979082,-68.44136
19.361273,-69.03169
19.769943,-69.61343
20.189035,-70.25463
20.719965,-70.923935
21.23329,-71.32346
21.574404,-71.82729
22.033487,-72.44662
22.77596,-72.922356
23.642027,-73.17409
24.49559,-73.419525
25.199995,-73.68317
25.915266,-73.935715
26.680061,-73.980736
27.387178,-74.24942
28.299147,-74.391884
29.149729,-74.46195
29.830317,-73.93719
30.4268,-73.931046
31.03774,-74.23136
31.570263,-74.362274
32.186714,-73.87758
32.77883,-73.87927
33.447323,-73.83562
34.061996,-73.87552
34.59014,-73.831566
35.07644,-73.749756
35.56276,-73.66798
36.110596,-73.60083
36.744614,-73.31715
37.08885,-73.225845
37.26489,-72.5167
37.383015,-71.282166
37.71949,-69.47594
38.05435,-67.56162
38.375355,-65.27371
38.668743,-62.459503
38.903313,-58.738335
39.755257,-55.31527
40.6529,-51.889492
41.68515,-48.215347
42.35009,-44.260662
43.682037,-41.342827
45.171753,-37.59437
46.763035,-33.143723
47.973587,-28.413801
48.596676,-23.590363
49.097958,-18.925137
20.445301,-61.517433
13.390227,-49.125477
13.689951,-51.124268
14.190806,-53.350605
15.3497095,-55.01247
16.403282,-56.58879
17.183594,-58.067635
17.659325,-59.72178
18.33734,-61.271446
18.759218,-62.79999
18.945498,-64.45015
18.843962,-66.179436
19.012255,-68.00918
19.08796,-69.58827
19.124926,-70.69822
19.315006,-71.70323
19.39215,-72.65609
19.431316,-73.65307
19.536589,-74.26702
19.62953,-75.5214
20.197395,-76.8121
20.494518,-78.881134
20.837378,-80.84713
21.543024,-82.50522
22.091263,-84.31065
22.804222,-85.720055
23.528553,-87.05267
24.108145,-88.201454
24.625402,-89.20916
25.112679,-90.25384
25.594034,-91.12501
25.997414,-92.10502
26.711145,-93.112595
27.18461,-93.85391
27.703484,-94.297966
28.36982,-94.79796
29.101463,-94.693146
29.651096,-95.09819
30.600203,-94.69047
30.989546,-95.13937
30.843927,-95.57715
30.99145,-96.00628
30.88203,-96.321335
30.624632,-96.52777
31.144157,-96.242966
31.433537,-96.9598
31.91905,-97.505394
32.720657,-97.2325
33.93732,-96.86849
35.22709,-96.36251
36.426292,-95.6586
37.853943,-94.7652
39.379536,-93.68926
40.32978,-91.30696
40.441353,-88.21094
40.31895,-85.71161
40.415436,-83.30011
21.504591,-63.63261
32.87859,-81.65041
33.346695,-80.19277
33.54037,-78.85592
34.113556,-77.86018
34.379143,-76.24045
34.75129,-75.11849
34.93181,-73.9496
35.13003,-72.75737
35.327263,-71.46357
35.470135,-70.37968
35.357487,-68.9777
35.182808,-67.80068
35.301582,-65.9571
35.54781,-64.06445
36.21195,-62.406036
36.463226,-60.683403
36.654766,-58.276104
36.636448,-55.772346
36.631332,-53.39785
36.645374,-51.088165
36.913216,-48.260536
37.021507,-45.834476
37.11742,-43.353703
37.016098,-39.10999
37.5402,-36.664925
39.325294,-33.42053
40.660347,-30.367949
42.53108,-27.221214
44.410175,-23.318562
20.16849,-60.910927
26.972147,-56.90283
27.169607,-56.546963
26.900486,-56.60731
26.95745,-56.93788
26.705,-57.3417
26.528967,-57.820637
26.475677,-58.583973
26.76164,-59.507313
26.941486,-60.459953
27.084333,-61.143658
27.27749,-61.850033
27.460814,-62.43647
27.670292,-62.755405
27.965746,-63.284374
28.497036,-63.86914
29.218979,-64.29087
30.028969,-64.53948
30.989305,-64.19011
31.966793,-64.14467
33.044247,-63.381218
33.889282,-62.331635
34.740578,-61.69565
35.159363,-60.099895
34.938206,-58.736256
34.870056,-57.224037
34.58892,-55.15063
34.545254,-51.438602
34.899086,-49.157547
35.22228,-46.540134
35.330524,-43.641895
35.367798,-41.39429
35.04138,-39.556576
34.716045,-37.84712
34.73915,-35.725952
34.949055,-34.05199
35.379887,-32.81398
35.816677,-31.610931
36.228626,-30.557102
36.613922,-29.158503
36.768295,-27.909117
36.787487,-27.105576
37.155342,-28.342047
19.719172,-56.155445
31.650166,-74.51317
31.567986,-74.33586
32.03825,-74.19494
32.432854,-73.859695
32.7522,-74.05574
33.386497,-73.823746
34.012154,-73.61454
34.933,-73.37994
35.681213,-72.7581
36.628635,-71.81764
37.410294,-70.189064
37.685883,-67.897644
37.878544,-65.81509
37.743927,-63.743088
37.818604,-61.213787
19.108904,-56.812428
11.592799,-57.28271
12.619483,-58.842087
13.472219,-60.93619
14.053418,-63.038208
14.602403,-64.32693
14.818166,-67.10141
15.82605,-70.15546
15.9676485,-72.53145
16.502949,-74.27719
16.346365,-76.91853
16.534975,-79.1283
16.775679,-81.19015
16.95729,-82.92702
17.634336,-84.325325
18.44093,-85.50356
19.561993,-86.67743
20.55203,-87.57113
21.18503,-88.12217
21.621363,-88.726494
21.955019,-89.35573
22.665703,-90.284004
23.44447,-91.227936
24.101278,-91.93647
24.739655,-92.38005
25.327087,-92.45602
25.54955,-92.887344
25.595688,-93.25081
25.804289,-93.44764
25.783379,-93.5639
26.35168,-93.59176
26.782148,-93.94654
27.453592,-94.203964
28.0063,-94.49129
28.577158,-95.286865
28.792307,-96.28711
29.106853,-97.009575
29.224155,-97.964966
29.492619,-98.68311
29.295544,-100.125656
29.393234,-101.40895
29.998428,-102.632454
30.29653,-104.21387
31.010635,-105.77072
31.578619,-107.43877
19.430267,-57.30733
27.857063,-85.31688
29.015118,-85.92127
29.854168,-86.54335
30.589926,-87.406136
31.081816,-87.58041
31.169884,-88.395996
32.222797,-89.38551
19.131784,-54.902637
35.887993,-76.337814
35.810013,-75.68235
35.66148,-74.61008
35.719124,-73.643
35.97356,-73.33678
37.144146,-71.96002
38.012844,-70.22884
38.80508,-68.12138
39.595577,-66.25461
40.965458,-64.37762
42.179714,-62.292316
43.480812,-59.756733
44.811954,-57.945305
45.82231,-56.96663
19.955118,-60.85145
23.140549,-94.18406
24.215984,-93.686516
25.487358,-93.03893
26.791574,-92.75045
28.08617,-93.04692
29.327179,-92.56067
29.766027,-92.584076
30.718962,-92.15997
31.485937,-91.37893
32.4011,-90.04076
33.267353,-89.16419
34.02052,-87.95411
34.35568,-86.34853
34.865665,-84.319176
35.741516,-82.21165
36.800583,-79.68647
37.96673,-76.94305
38.63866,-73.264404
40.05546,-70.0855
41.72805,-67.630005
43.204483,-65.008255
44.41878,-61.52295
19.794043,-57.814075
28.37017,-79.745865
29.358633,-79.729065
30.347115,-79.71222
31.365654,-79.57903
32.286476,-79.36763
33.153065,-79.54789
33.951515,-79.06252
34.83137,-78.069824
35.11757,-77.0311
34.689434,-76.04071
34.465527,-75.06871
34.65743,-73.8456
35.60377,-72.03564
36.08014,-71.71365
36.377754,-71.422874
36.71063,-70.93394
36.709717,-70.55989
36.798325,-70.5744
36.84177,-69.478226
37.374725,-67.916916
37.95753,-67.615
37.833572,-66.86605
37.873024,-66.16812
38.025692,-65.06408
38.61256,-63.654076
39.429558,-61.701393
40.562927,-60.03614
42.56736,-56.775715
44.488888,-53.44025
46.765476,-49.172676
18.850794,-54.342575
24.956467,-60.64374
26.051567,-59.925613
26.953873,-59.245766
27.601099,-58.195057
27.677954,-57.664425
27.834145,-57.3239
27.760475,-57.208027
28.238533,-55.719337
29.428333,-54.76089
30.427616,-55.670986
31.292463,-56.126106
31.861826,-56.330124
32.635094,-55.689384
33.228798,-55.397484
34.21158,-54.359478
35.061623,-52.45403
35.875248,-50.760605
37.04159,-48.74924
37.84075,-45.975834
38.163033,-42.433033
39.00419,-40.890736
38.760098,-38.65715
38.729767,-34.93825
39.784344,-30.792837
41.88284,-27.216291
44.572727,-24.738155
47.6471,-22.871338
46.780785,-20.241484
19.550983,-57.841034
16.580303,-69.77394
17.297503,-70.75472
18.02655,-71.62761
18.587141,-72.66014
19.058353,-73.45855
19.296032,-74.53598
20.536282,-75.0231
22.34717,-75.21259
24.662718,-73.832146
27.931368,-73.359024
20.5376,-62.078697
17.745256,-84.415405
17.742712,-84.6473
17.943304,-85.00364
17.905201,-85.43714
17.940962,-85.91845
18.052994,-86.702484
17.942589,-87.476974
18.044783,-88.295654
18.21179,-89.29255
18.641598,-54.357098
26.793598,-87.87889
27.361847,-87.600815
27.650023,-88.14877
27.657648,-88.80542
27.379091,-89.402
27.624973,-90.1345
27.84886,-90.44374
28.178577,-90.34893
28.779911,-90.04525
29.266193,-89.99058
30.008265,-89.91179
30.60836,-90.1324
30.787432,-89.693016
31.564009,-89.07539
32.10703,-88.25138
32.953667,-86.85473
18.891777,-54.46668
19.831127,-59.05038
20.376377,-59.820576
20.795357,-60.741146
21.169855,-61.556274
21.460178,-62.495964
21.561493,-63.45848
21.801765,-64.46969
22.18795,-65.395195
22.365438,-66.43661
22.427814,-67.26367
22.562855,-68.01371
22.877737,-68.584915
23.31747,-69.45584
23.829685,-70.61689
24.180204,-71.83318
24.177197,-72.58088
23.983978,-73.15623
23.654219,-73.542786
23.426254,-73.88299
23.207117,-74.19366
22.44972,-74.02972
21.867872,-74.41272
21.669281,-74.63724
21.201778,-74.43953
21.013123,-74.11475
20.741993,-74.21017
21.395315,-73.49317
21.967249,-73.23812
22.578606,-73.06965
23.412012,-73.59013
24.106667,-74.285484
24.870306,-75.34643
25.953436,-76.39617
26.97356,-77.88444
27.938461,-79.3399
29.051962,-80.64115
30.716255,-80.66055
33.176254,-79.45957
33.888348,-79.899315
35.550552,-78.95774
37.64913,-77.99928
40.097713,-76.59224
42.024128,-73.70593
43.942673,-70.22278
45.928284,-66.28034
47.459312,-61.518406
48.454052,-57.547333
49.12584,-54.845634
18.608568,-52.604607
20.035545,-96.7196
20.046043,-96.31726
20.0324,-95.67182
19.90665,-95.15063
19.908974,-94.769806
19.946283,-94.45498
19.848948,-93.97989
19.866192,-93.35987
19.85759,-92.99183
19.560843,-92.418884
19.287563,-92.29989
18.875692,-91.76133
18.549473,-91.38617
18.660505,-90.24727
18.93514,-89.43307
19.096039,-89.2753
19.350697,-88.53993
19.19234,-87.67564
18.7105,-86.96777
18.108486,-86.13197
17.504496,-85.339676
17.14549,-83.85852
16.689465,-83.40081
15.824332,-83.51467
15.7069,-83.76334
15.646106,-84.32128
15.579161,-84.94885
15.358638,-85.1327
15.466616,-85.64706
15.730151,-86.46432
16.127998,-87.286674
16.59149,-87.85335
17.150652,-88.51083
17.504663,-89.669075
17.596817,-90.68704
17.572401,-91.65964
18.856699,-54.638176
26.157322,-89.86615
26.26475,-90.57115
26.356415,-91.31014
26.670155,-92.01546
26.92487,-92.88265
27.336508,-93.754105
27.780624,-94.52846
27.839437,-95.304306
27.742601,-96.14589
27.88663,-96.9502
27.870403,-97.78937
27.633352,-98.420006
27.536303,-98.97269
27.462543,-98.985985
27.404945,-99.58539
27.198458,-100.468575
26.751106,-101.34877
20.312475,-61.000294
23.557953,-58.35547
24.501226,-58.761658
24.914808,-59.640854
25.52801,-60.334824
26.44346,-61.012104
27.511648,-61.909927
29.040485,-62.8414
30.612501,-63.827564
32.212532,-64.64131
33.847576,-65.74846
35.435455,-66.77014
37.481926,-65.86576
38.736156,-65.17009
39.818996,-61.488472
41.19202,-58.550068
42.97581,-54.320656
44.365913,-48.889023
44.69264,-42.729683
19.810188,-58.511017
21.031902,-94.75106
21.030167,-95.41553
21.128355,-96.14104
21.266537,-96.88407
21.578856,-97.56426
21.977896,-98.06345
22.49726,-99.10952
23.106985,-100.04635
20.485186,-61.982746
27.848627,-64.375984
30.04358,-65.73301
32.769585,-64.6371
36.01009,-64.20432
38.925293,-62.364155
41.838165,-60.582855
44.93882,-58.571655
47.416065,-59.109467
49.138435,-57.828148
18.98335,-55.470306
9.89151,-39.228027
9.907908,-39.952957
10.030075,-40.56944
10.332773,-41.04315
10.651605,-41.77822
10.936828,-42.568863
11.344082,-43.439816
11.541017,-44.040188
11.837328,-44.654816
12.137356,-45.26281
12.457,-45.901665
12.8628,-46.460163
13.275335,-47.141575
13.74565,-47.597977
14.1657,-48.154587
14.647951,-48.603584
15.082099,-49.205544
15.652057,-49.558002
16.20106,-49.90952
16.45618,-49.711876
16.800627,-49.673805
16.70156,-49.553097
16.90409,-49.461117
17.103966,-49.34083
17.433521,-49.27018
17.700153,-49.059566
18.0992,-48.839928
18.039766,-49.04447
17.988005,-49.23243
18.188072,-49.446774
18.437502,-50.03994
18.737638,-50.744305
18.99731,-51.413498
19.191473,-52.079346
19.315142,-52.999588
19.20282,-53.862167
19.08908,-54.647533
19.125023,-55.283962
19.507679,-55.973206
20.247002,-56.585693
20.968987,-57.337875
22.052534,-57.777428
23.067125,-58.229053
24.759022,-57.49201
26.668566,-56.94848
28.410843,-56.741444
30.068035,-56.53884
31.41664,-56.107857
32.44264,-55.474667
33.0334,-54.52159
33.17383,-53.137775
33.242813,-51.46357
32.745068,-50.636158
31.597889,-50.42483
30.190334,-49.822292
29.231632,-50.440918
28.468803,-51.52201
27.712503,-53.284992
27.378656,-55.21372
27.65088,-56.87585
28.190994,-58.722534
28.965324,-60.580196
30.075201,-62.054455
30.979876,-63.48346
30.659246,-65.98307
30.033306,-68.12789
30.22635,-68.58864
30.768593,-68.91034
31.088455,-68.06649
31.138258,-67.243225
30.79928,-66.79498
29.996181,-65.93938
29.105295,-66.44736
28.712767,-66.98389
28.223904,-67.14228
27.584616,-67.327385
26.776508,-67.12016
27.045486,-66.99074
27.579287,-67.5496
19.622156,-57.39338
21.924263,-97.466
23.301117,-97.66102
24.55506,-97.97773
25.65576,-98.31435
26.972858,-97.632965
28.185972,-97.50861
28.91786,-97.372734
29.314316,-96.931656
29.408329,-97.16402
29.848263,-96.67704
29.998186,-96.24831
30.317202,-95.798744
30.646784,-95.20852
30.880238,-94.40042
30.806513,-93.61001
30.518143,-92.834946
29.894215,-92.54333
30.284534,-92.926445
30.524288,-93.37315
30.94921,-93.81968
20.07413,-60.107956
14.083504,-23.346165
14.1905985,-23.948444
14.288802,-24.674047
14.420249,-25.4295
14.959249,-26.263626
15.442793,-26.76519
16.037773,-27.60631
17.026136,-28.218853
18.042236,-28.773329
19.14114,-29.352617
20.236786,-30.418922
20.914654,-31.883242
21.637568,-33.38148
21.76219,-34.93411
21.874174,-36.430786
21.92795,-38.064396
21.604603,-40.15039
21.436172,-41.457138
20.954746,-42.695847
20.613333,-43.83899
20.028193,-60.1596
9.752066,-35.09572
9.284013,-36.51653
9.797568,-38.417767
9.863731,-41.18367
8.858168,-44.16113
14.853267,-44.905663
9.932422,-53.618835
10.205841,-55.9037
10.645198,-57.789925
11.1161995,-61.989357
20.033554,-59.5929
14.5391655,-23.891268
14.815285,-25.471907
14.759455,-27.58903
14.711018,-29.315968
14.590694,-30.80741
14.557555,-32.00836
14.578935,-33.238277
14.818438,-34.592693
15.147645,-36.183002
15.39861,-37.72448
15.447628,-39.64619
15.628144,-41.112007
15.80607,-42.530247
15.682307,-43.82374
15.355746,-45.025673
15.372317,-46.206516
15.301818,-47.38962
15.335019,-48.643368
15.399698,-50.22579
15.801025,-51.86268
16.282236,-53.45961
16.831257,-54.875053
17.332376,-56.23232
17.96183,-57.576927
18.751276,-58.798733
19.49726,-59.63924
19.957483,-60.52482
20.249662,-61.35065
20.470263,-61.92831
20.840475,-62.197384
21.136513,-62.512676
21.6079,-62.803566
21.919796,-63.113155
22.230152,-63.269363
22.448715,-63.716087
22.682852,-64.300446
22.993208,-64.95991
23.30889,-65.67008
23.720722,-66.60139
24.107147,-67.5808
24.431503,-68.70927
24.72385,-69.744415
25.012705,-70.83687
25.219772,-71.976
25.527845,-73.09097
26.008057,-73.94797
26.515276,-74.912125
27.211443,-75.61915
27.814623,-76.47964
28.525059,-77.226845
29.494778,-77.93965
30.691494,-78.47393
31.895689,-79.03196
33.225586,-79.46966
34.191433,-78.775055
34.859394,-79.83144
36.04941,-80.48843
37.32133,-80.50647
38.610374,-80.675224
39.808277,-81.12704
40.956318,-81.2657
41.91444,-80.62363
42.73007,-80.42564
43.3491,-80.225044
43.96302,-80.34746
44.670708,-79.496315
45.669277,-77.653206
46.184216,-75.88286
46.466583,-74.19268
46.481205,-72.68339
47.054264,-70.96125
19.819448,-58.819157
15.048184,-20.262941
15.162188,-21.265852
15.568361,-22.135406
16.183758,-23.200377
16.532413,-24.41412
16.699076,-25.441275
16.92192,-26.87952
16.816147,-28.271595
17.035803,-29.639069
17.233816,-31.09527
17.704905,-32.418453
17.917747,-33.64236
18.206284,-34.68194
18.470005,-35.646362
18.68806,-36.56794
19.013878,-37.558296
19.386034,-38.379997
19.711817,-39.370102
20.126257,-40.42528
20.56194,-41.67023
21.077936,-42.86083
21.783052,-44.027008
22.39356,-45.08172
23.287945,-46.099056
24.20427,-47.00908
25.216436,-47.978996
26.274708,-48.561127
27.139141,-48.77783
27.676315,-48.593155
27.777143,-48.85279
27.83736,-49.207607
20.14403,-59.19543
20.605696,-52.137295
20.929697,-52.54918
21.362734,-52.867992
21.773296,-53.250244
22.154394,-53.207626
23.11463,-53.047764
24.192638,-52.874115
25.21952,-52.766983
26.43757,-52.019344
27.190031,-51.096825
28.194925,-49.875053
29.15754,-48.006527
30.125498,-45.603947
30.87666,-43.37961
31.400705,-41.075413
32.030087,-38.472836
32.376297,-35.70916
32.367462,-33.689766
32.08579,-31.831938
19.359364,-57.62116
16.017414,-84.61625
16.340988,-84.82573
16.416824,-85.2439
16.397234,-85.68501
16.274036,-85.87547
16.36437,-86.54945
16.196974,-86.922874
19.966616,-59.019737
15.362356,-64.572975
15.658898,-65.08783
15.984596,-65.400215
16.402414,-65.68623
17.6716,-65.08724
18.701433,-65.49035
19.640804,-65.47687
20.40378,-65.74711
21.128334,-66.1713
22.147593,-66.490135
22.823189,-66.89002
23.49955,-67.496506
24.584187,-66.99815
25.816795,-66.632
27.437243,-66.07367
29.309029,-65.54025
32.275303,-65.32605
34.483852,-63.814526
36.885044,-62.20933
39.08927,-60.18932
41.47893,-57.15833
43.840153,-53.656757
45.795406,-49.25051
47.57116,-44.2778
49.466,-38.936115
51.127464,-34.651752
52.980804,-31.17635
53.898212,-29.975021
56.020626,-28.79719
57.787594,-31.395035
55.01524,-34.145836
53.897827,-35.04075
51.795013,-34.26908
50.159065,-32.408257
49.75401,-31.457518
49.22144,-29.950771
48.32062,-29.893017
46.411087,-31.743025
44.896637,-30.062792
42.955814,-29.23765
40.634125,-27.980844
39.67064,-26.17999
39.95186,-25.140358
40.574104,-24.199306
41.572903,-22.341656
41.72933,-20.738527
42.150257,-19.424145
42.61918,-18.286682
42.41606,-16.688068
42.104893,-15.284911
41.807114,-14.024493
41.433907,-12.481413
41.35058,-11.617288
41.225815,-11.140825
40.911087,-10.235394
19.992994,-59.8524
26.505033,-73.87231
26.667524,-74.219086
26.730875,-74.54756
26.082928,-74.43943
26.650549,-74.49861
27.054096,-75.11205
27.398773,-75.48215
27.723114,-76.06566
28.2543,-76.18889
29.093933,-77.03745
30.992994,-75.68328
32.538918,-75.550575
34.36372,-75.317505
36.91707,-74.44746
39.006058,-73.494896
40.81777,-73.15924
42.591133,-73.08314
20.060293,-59.65559
14.947896,-25.319187
15.379023,-26.250143
15.663885,-27.503414
15.546757,-28.778288
15.324977,-29.870436
15.225348,-30.80415
20.22103,-60.142773
29.893318,-81.52339
30.658085,-81.64549
31.350151,-82.331215
32.15354,-82.86577
32.88556,-83.37015
33.31214,-83.65238
18.7056,-54.07766
12.161618,-78.37159
12.410131,-79.22342
12.790872,-79.78691
12.187562,-79.76075
12.30371,-79.52825
12.933269,-79.42587
13.260365,-79.68342
13.440059,-79.89655
14.0930195,-79.83624
14.860516,-79.72368
15.428128,-79.76729
15.880764,-79.97049
16.335209,-80.43734
16.780716,-80.97046
16.931917,-81.785065
17.098196,-82.39098
17.118204,-83.17444
17.13333,-84.03531
17.308714,-84.71652
17.63852,-85.20824
17.909374,-85.78618
17.985409,-86.403595
17.760725,-86.895615
17.51237,-87.17128
17.448112,-87.289444
16.997776,-87.2188
16.955029,-87.24694
17.086752,-87.2453
17.046059,-87.54923
16.648148,-87.39749
16.382103,-87.346954
16.21975,-87.518585
16.018785,-87.76153
15.870485,-88.131294
15.606269,-88.478546
15.444657,-89.14375
15.278619,-89.93131
15.073837,-90.631805
15.160729,-91.25883
15.172872,-92.09044
15.283598,-92.839584
15.555663,-93.6745
16.290112,-94.16697
17.088715,-94.613525
17.889414,-94.96614
18.623304,-95.031555
19.16087,-95.10527
19.755522,-94.84289
19.839012,-94.09342
20.040426,-93.774345
20.239632,-93.11776
20.495405,-91.81767
20.7455,-92.294914
22.019545,-90.94503
23.456593,-89.18459
25.008884,-87.19081
26.05223,-85.89926
26.423721,-84.4734
26.792177,-83.431244
28.200703,-81.341484
30.237011,-77.46963
32.618736,-74.168755
35.237076,-70.56734
37.641224,-66.0499
39.54036,-60.607918
41.413567,-55.40348
43.310978,-50.407005
45.098404,-45.135944
46.968925,-39.164684
48.882202,-33.65791
50.8059,-28.397217
53.168095,-22.563993
55.80484,-17.569818
57.706013,-11.973252
61.258812,-8.366953
62.96575,-6.795859
19.719233,-58.390194
23.933657,-74.64959
24.423347,-75.47717
24.809355,-76.50327
25.21078,-77.59772
25.39834,-78.44031
25.713123,-79.080666
26.121965,-79.76182
26.558577,-80.54177
27.271591,-81.60508
28.118158,-82.13332
28.63804,-83.105064
29.590826,-83.128006
30.215052,-83.23193
30.79262,-82.788246
31.492304,-82.36258
32.405357,-81.22642
33.2385,-80.195816
34.047974,-78.322876
34.87979,-76.734955
35.52195,-75.02753
36.111725,-73.09408
36.64187,-70.3814
37.151688,-67.71877
37.687126,-64.890236
19.280762,-56.981884
7.7704253,-26.482027
8.039317,-28.306131
9.031355,-29.857025
9.773216,-31.233019
10.242821,-32.69419
10.614051,-34.123924
10.721284,-35.343666
11.1818,-36.39435
12.107762,-37.278683
13.198361,-37.913727
14.309223,-38.48996
15.666279,-38.774418
16.852758,-39.268703
18.147343,-39.68785
19.455265,-40.015587
20.808249,-40.04295
21.993275,-40.25598
23.093409,-40.642834
23.941763,-41.282352
25.07532,-41.954185
26.357164,-42.657784
27.542496,-43.70962
28.734735,-44.783367
29.35339,-45.627117
29.73131,-46.320557
30.130438,-46.822807
30.507208,-47.28646
30.852472,-47.735836
31.374483,-48.1812
31.982002,-48.711388
32.6775,-49.341713
33.335876,-49.892406
33.789845,-50.512234
34.073177,-50.908134
34.27916,-51.181717
34.529636,-51.3137
34.828396,-51.422714
35.027065,-51.496662
35.431133,-51.75186
35.98289,-51.462948
36.413544,-51.047424
36.809246,-50.35059
37.220825,-49.73977
37.843708,-48.529903
38.73476,-47.697056
39.49223,-48.1257
40.339764,-48.321445
40.925915,-48.471073
41.605984,-48.456486
43.25941,-47.57887
44.8783,-46.81338
46.55891,-44.957413
48.047485,-42.611736
49.865017,-40.196236
19.787743,-58.679634
9.219836,-26.541784
9.798425,-28.234049
10.658475,-29.857483
11.045853,-31.391685
11.453068,-33.03881
11.654057,-34.24475
12.094149,-35.62226
12.628915,-37.21758
13.254573,-38.550003
13.668263,-39.870457
13.966463,-41.24484
14.546133,-42.463116
14.969119,-43.77929
15.756969,-44.611927
16.666002,-45.126057
17.609612,-45.410717
18.80157,-44.94471
19.860113,-44.940346
20.727951,-44.909733
21.73586,-44.058
22.451614,-43.19483
23.489216,-42.267834
24.939459,-41.44709
26.36762,-41.075577
27.489851,-41.968536
28.98919,-42.01045
30.691492,-42.123905
32.974186,-40.441845
34.975163,-40.013668
37.31424,-38.734306
39.650383,-38.90509
42.73193,-37.23577
20.098885,-60.644928
10.808769,-63.261185
10.9968405,-65.24745
11.567933,-67.07504
12.052966,-69.82224
13.020594,-70.94479
14.649756,-73.71334
15.400031,-74.94587
15.868082,-76.19312
15.995813,-77.05251
16.08496,-77.87067
16.292759,-78.01146
16.432476,-78.74384
16.830141,-79.089554
17.43472,-79.4903
17.876423,-79.99478
18.562176,-80.57854
19.464928,-80.50293
20.03895,-81.41104
20.35983,-82.07281
20.788446,-82.90409
21.235916,-83.41935
21.54076,-84.155205
21.921663,-84.76865
22.283667,-85.26852
22.642962,-85.74109
22.78044,-85.75339
22.89772,-86.11898
23.018698,-86.935684
22.64668,-87.42006
22.644154,-87.70295
22.821451,-88.49725
22.702337,-89.37795
22.577024,-90.18653
22.286516,-90.9673
21.939901,-91.13057
21.6458,-91.423355
21.354902,-91.57999
20.616676,-91.52376
20.797297,-91.16839
21.287827,-91.16569
21.77517,-91.24751
22.428959,-91.21251
23.013222,-90.943214
24.177727,-90.585976
25.045517,-91.63871
26.198767,-91.84301
27.513239,-90.99499
29.044798,-90.59927
30.06862,-91.37885
32.08929,-89.99908
32.96611,-90.70559
34.976887,-89.45473
37.404606,-83.6559
41.18755,-82.32852
18.714188,-54.43584
18.117352,-30.058525
18.589912,-30.219864
19.086052,-30.596476
19.584318,-30.990616
20.082947,-31.487614
20.585102,-32.092773
21.09049,-32.843296
21.60113,-33.602108
21.946949,-34.502743
22.012934,-35.36533
21.926031,-36.12357
22.014723,-36.675606
22.144453,-37.415253
22.076063,-38.44349
21.94848,-39.655174
21.69351,-40.40731
21.220287,-41.14041
20.938223,-41.939644
20.857164,-42.8332
20.766497,-43.74477
20.590103,-44.836388
20.390192,-45.990753
20.114868,-47.18717
19.439087,-56.904583
14.880993,-25.085318
15.789561,-26.501154
16.753237,-27.730667
17.497765,-28.803099
17.925125,-30.287422
18.246628,-31.976385
18.838203,-33.676273
19.256622,-35.217846
19.81312,-36.592266
20.310265,-37.89324
20.81895,-39.254845
21.32192,-40.538746
21.866499,-42.065742
22.795628,-43.44261
24.096642,-44.35856
25.507637,-44.918335
26.979954,-45.30302
28.500599,-45.704082
29.638786,-46.195724
30.47338,-46.628105
31.071611,-47.20049
31.520617,-47.44115
32.030693,-47.453533
32.60542,-47.18922
33.276756,-46.717773
34.080124,-46.33986
35.06878,-45.509827
36.36334,-44.21471
37.647068,-42.91698
39.030956,-41.508713
40.559,-39.935158
42.23598,-38.145237
43.833717,-35.735737
47.065853,-34.657455
49.338608,-33.22595
51.59442,-31.276041
19.200773,-54.2023
23.070816,-74.965065
23.274366,-75.080536
23.52402,-75.5269
24.069935,-75.90721
24.52706,-76.746605
25.299885,-77.74927
26.452265,-78.48321
27.220867,-79.62386
27.866047,-81.00904
28.393837,-81.43206
28.606953,-82.39707
28.95255,-83.82526
29.472006,-85.10341
29.666054,-86.3294
30.153597,-87.277885
30.576847,-87.682144
30.781717,-88.04807
31.174229,-88.5549
31.434088,-89.2492
32.2402,-90.12501
32.92182,-90.66203
33.819824,-91.20781
34.83035,-90.69678
35.389606,-90.873764
36.200214,-90.70778
37.401783,-90.36306
38.844883,-89.18338
39.398182,-87.53968
40.265858,-85.32394
19.9638,-60.743168
13.042174,-37.06735
13.640759,-38.712112
13.938547,-40.23143
14.28383,-41.853622
14.884058,-43.338882
15.478447,-44.85092
16.090889,-46.401344
16.683136,-48.114388
17.058008,-49.681625
17.450335,-51.26792
17.776005,-52.869736
17.721037,-54.45685
17.923292,-55.765644
18.108982,-57.0139
18.527164,-58.03507
18.797688,-59.064133
19.722652,-59.751778
20.823746,-59.906456
21.904377,-59.897648
22.792845,-60.082386
23.519392,-59.927113
24.211046,-59.605274
24.868292,-58.944096
25.543509,-59.152622
25.992958,-59.471172
26.632149,-59.73706
27.17963,-60.29052
27.966991,-61.029
29.340754,-61.573822
30.571106,-61.987957
31.464306,-62.866974
32.33267,-63.679512
33.233486,-64.1152
34.129646,-64.68493
34.981277,-65.29388
35.689476,-65.988045
36.475418,-66.39719
37.150505,-66.515465
37.482273,-66.73334
37.977333,-66.495926
38.42954,-65.9533
38.67302,-65.24159
38.6477,-64.10781
38.519436,-63.383774
38.49389,-62.744183
38.659496,-62.06033
38.866234,-61.80929
39.633312,-61.131123
40.714054,-60.461838
42.088905,-59.253426
43.434856,-58.09708
44.80215,-56.616543
46.616676,-54.090164
48.961075,-51.290676
51.775948,-49.209103
54.84645,-47.159805
57.83051,-45.28613
59.85464,-44.236065
61.58663,-42.97806
63.16762,-40.403885
64.16987,-35.0832
18.86268,-55.041176
24.318892,-92.677986
25.104456,-93.70958
25.994308,-94.815254
26.585379,-95.833664
27.136269,-97.05954
27.798683,-97.78941
28.432272,-97.911125
28.73422,-98.8504
29.417248,-99.43149
30.02457,-100.26255
30.729454,-101.10688
31.224335,-102.08555
31.839739,-102.66949
32.698063,-102.29527
33.302273,-102.55869
34.07087,-102.2876
35.003483,-101.635376
35.925068,-100.73242
36.228035,-99.9929
36.343067,-98.788704
18.867344,-54.97264
14.555556,-25.972342
14.757945,-27.284424
14.981096,-28.62299
15.417168,-29.927452
16.017254,-31.316063
16.617329,-32.70461
17.232546,-34.09495
18.001093,-35.11518
18.700851,-36.133633
19.490705,-36.97158
20.2666,-37.656956
20.922459,-38.273354
21.062534,-38.950706
21.05434,-39.783512
20.954508,-40.620407
20.857105,-41.34755
20.760054,-42.17759
20.660233,-43.014507
20.56318,-43.844532
19.57602,-57.7674
32.084785,-73.619446
31.905964,-73.443405
31.604523,-73.281395
31.246927,-72.848816
31.519062,-72.37377
31.915524,-72.73583
32.33078,-73.20299
32.8874,-73.802505
33.520027,-74.21172
34.545403,-73.615814
35.339638,-73.34274
37.01805,-72.34229
38.95214,-70.77131
20.3061,-61.56863
11.529009,-45.17264
11.9973345,-46.71276
12.443551,-48.340145
13.135863,-49.891827
19.899044,-58.767197
25.364271,-67.23457
25.799992,-68.08252
26.605701,-68.651436
27.214108,-68.773056
27.85565,-69.03709
28.564894,-68.32919
29.234146,-67.436935
30.447428,-66.004074
31.352793,-63.73756
32.175022,-59.61251
19.611708,-58.146107
33.097225,-61.510612
34.275517,-58.79738
35.73791,-55.74306
36.586384,-51.936607
37.896805,-47.458984
38.783165,-42.38203
40.431286,-37.51633
43.67127,-32.911488
20.270658,-60.925182
11.394643,-33.557396
11.01965,-32.29307
11.550122,-32.61773
12.242214,-32.611874
13.197498,-32.349518
13.815614,-32.502365
14.494961,-32.523075
14.800884,-32.626366
15.298448,-32.521954
16.072311,-32.436886
16.367056,-32.585953
17.374922,-34.043232
17.44732,-33.415672
18.89814,-36.931793
20.655245,-43.346073
20.965622,-45.066868
17.378052,-34.263847
19.780584,-59.71507
15.38329,-47.973858
15.55948,-49.424282
16.354706,-50.710823
16.97796,-51.989304
17.664196,-53.242886
18.297997,-54.575832
18.97438,-55.971004
19.597626,-57.480206
19.968735,-58.88902
20.028057,-59.90609
13.293235,-64.24188
13.588787,-65.66158
14.110281,-67.13336
14.484782,-68.46028
14.772492,-69.59833
15.070282,-70.81149
15.364646,-71.875
15.878949,-72.73576
16.47083,-73.43707
17.232794,-74.189125
17.650816,-74.81203
18.129711,-75.40983
18.545656,-75.95481
19.104607,-76.69024
19.967268,-77.38993
20.611935,-77.17747
20.869785,-77.94098
21.678038,-78.713554
22.423111,-79.51949
23.203402,-80.45195
23.973974,-81.10162
24.687004,-81.60808
25.357086,-81.64544
25.66917,-82.0739
25.896496,-82.054016
26.145483,-82.646255
27.042341,-82.31813
28.159079,-81.89047
29.334478,-81.37977
30.528439,-81.19374
31.813828,-80.64607
33.12355,-79.72585
33.93323,-79.38137
34.577766,-78.987015
35.51608,-78.53581
36.72521,-78.23848
37.34286,-77.703735
37.83301,-77.51277
38.373184,-76.94235
39.170197,-76.8593
40.186016,-76.43764
40.876446,-77.826
42.393303,-78.33941
44.635185,-77.07235
45.91303,-76.64868
46.889732,-75.59418
19.588568,-59.005733
12.171736,-49.634636
12.600306,-51.163067
13.011633,-52.910942
13.608618,-54.70227
13.908407,-56.58964
14.258765,-58.216682
14.613105,-60.13643
14.5653105,-62.524773
14.502383,-64.56684
14.572728,-66.04087
14.60782,-67.61053
14.713042,-69.17521
15.038165,-70.75959
15.743427,-72.04827
16.403513,-73.78118
16.397968,-76.12583
15.891698,-78.854004
15.854665,-80.17014
15.907086,-81.05395
16.116364,-81.72511
16.48167,-82.63702
16.97786,-83.53642
17.498491,-84.62779
18.246176,-85.71574
18.77637,-86.96431
19.34693,-88.16476
19.422447,-88.70103
19.558449,-89.300224
19.648262,-89.88437
19.596912,-90.93015
19.606045,-92.148254
19.507454,-92.84424
19.535145,-93.89781
19.396029,-95.03119
19.079922,-95.90111
18.960419,-96.60358
18.996582,-97.351
18.623613,-98.46757
19.086393,-54.49559
37.778263,-46.592518
38.200195,-46.507446
38.595642,-46.618088
39.393295,-46.409424
40.365566,-45.951965
41.543762,-45.118477
42.49146,-44.37613
43.64258,-42.273533
44.963814,-39.99739
46.130196,-36.58599
48.303608,-33.86139
49.82461,-29.798323
51.715435,-25.172436
52.6669,-20.33003
53.6545,-15.850084
54.226448,-11.350179
55.598526,-7.094545
