lat,long
11.7,-50.9
11.8,-52.7
11.9,-54.3
12.1,-55.4
12.5,-56.5
13.0,-57.7
13.5,-58.8
14.2,-59.8
15.0,-60.8
15.5,-61.3
15.8,-61.7
16.5,-62.8
16.8,-63.5
17.4,-64.2
17.9,-64.7
18.5,-65.2
19.0,-65.8
19.7,-66.4
20.4,-67.0
20.7,-67.1
21.2,-67.5
22.0,-68.2
22.9,-68.8
24.0,-69.1
25.0,-69.4
26.1,-69.5
27.2,-69.3
28.4,-69.0
29.6,-68.6
31.0,-68.2
32.6,-67.7
34.2,-66.8
35.8,-66.1
37.3,-65.2
38.3,-64.3
39.0,-63.3
39.3,-61.9
39.4,-60.6
39.6,-59.3
39.8,-58.3
39.7,-57.6
39.4,-57.1
39.0,-56.8
38.4,-56.7
37.8,-56.7
37.1,-56.7
36.6,-56.8
35.9,-57.2
35.0,-58.1
33.8,-57.7
33.0,-57.0
32.6,-56.6
32.0,-56.3
31.1,-56.0
30.9,-55.1
31.0,-54.7
31.1,-54.2
31.3,-53.8
31.5,-53.4
31.7,-53.1
31.8,-52.6
32.2,-52.1
32.6,-51.7
32.9,-51.4
33.2,-51.1
33.6,-50.9
34.0,-50.6
34.3,-49.9
34.8,-49.1
35.3,-48.2
35.3,-47.2
34.9,-47.7
34.6,-48.5
34.6,-49.3
34.7,-50.0
34.8,-50.5
35.0,-51.0
35.2,-51.5
35.3,-51.9
7.0,-22.0
7.4,-23.0
7.8,-24.1
8.1,-25.1
8.3,-26.0
8.7,-27.1
9.2,-28.4
9.8,-29.5
10.5,-30.6
11.0,-31.8
11.4,-33.0
11.8,-33.9
12.1,-34.9
12.5,-35.8
12.7,-36.7
13.5,-37.7
14.4,-38.4
15.1,-39.2
15.7,-40.0
16.5,-41.0
17.2,-42.1
17.8,-43.1
26.2,-59.9
27.5,-59.4
28.7,-58.8
29.7,-58.0
30.4,-57.2
31.4,-56.3
32.4,-55.2
33.3,-53.5
34.1,-52.3
34.8,-51.3
35.7,-50.5
37.0,-49.0
39.0,-47.0
15.5,-38.0
15.6,-39.4
15.8,-40.8
16.0,-41.9
16.4,-42.8
16.9,-43.7
17.5,-44.8
18.1,-45.9
18.8,-47.1
19.5,-48.3
20.2,-49.5
21.0,-50.6
22.0,-51.7
23.2,-52.6
24.4,-53.4
25.6,-54.0
27.0,-54.0
28.3,-53.7
29.6,-53.3
30.5,-52.2
30.8,-50.7
30.8,-49.1
30.7,-47.5
30.6,-45.4
30.6,-43.0
30.8,-40.6
31.1,-38.8
31.7,-37.1
32.5,-35.9
33.1,-35.1
33.5,-34.5
33.9,-33.9
34.3,-33.3
34.9,-32.7
35.5,-32.3
36.1,-32.0
36.7,-32.0
37.1,-32.0
37.2,-31.6
36.9,-30.9
36.5,-30.0
36.2,-29.0
35.9,-28.2
35.4,-27.4
34.6,-27.3
33.6,-27.2
32.5,-26.9
31.8,-26.7
31.0,-26.4
30.5,-26.2
30.4,-25.9
30.4,-25.6
30.6,-25.4
30.9,-25.8
31.1,-26.2
31.3,-26.7
31.5,-27.4
31.8,-28.1
32.1,-28.8
32.1,-29.5
32.0,-29.9
31.7,-30.1
31.4,-30.3
31.1,-30.4
30.7,-30.5
30.2,-30.7
29.6,-31.0
29.1,-31.4
28.7,-31.9
28.5,-32.5
28.5,-33.2
28.7,-33.9
29.2,-34.4
29.7,-34.8
30.5,-35.3
31.4,-35.7
32.6,-36.1
33.8,-36.6
35.0,-37.1
36.0,-37.6
36.8,-38.3
37.2,-38.9
36.9,-39.4
36.4,-39.4
35.9,-39.4
35.4,-39.4
34.8,-39.1
34.5,-38.5
34.3,-37.9
34.3,-37.1
34.4,-36.2
34.6,-35.3
34.9,-34.0
35.4,-32.5
36.3,-30.9
37.6,-29.1
9.3,-26.7
9.5,-27.6
9.8,-28.4
10.1,-29.0
10.4,-29.6
10.8,-30.2
11.2,-30.7
11.8,-30.9
12.3,-31.4
12.8,-32.0
13.3,-32.5
13.6,-33.1
13.9,-33.8
14.3,-34.6
14.8,-35.0
15.3,-35.3
15.8,-35.7
16.2,-37.0
28.0,-93.8
27.8,-93.9
27.6,-94.1
27.7,-94.5
27.8,-94.7
27.9,-95.0
28.1,-95.6
28.5,-96.3
29.1,-96.9
28.9,-98.5
28.9,-98.9
28.7,-99.3
29.0,-99.5
28.9,-99.1
28.5,-99.2
28.3,-99.2
28.1,-99.4
27.8,-99.6
27.4,-99.5
27.0,-99.3
26.8,-99.8
26.6,-100.4
26.5,-101.0
18.4,-67.4
18.5,-68.4
18.5,-68.8
18.6,-70.2
18.7,-71.4
18.8,-72.8
18.8,-72.9
19.1,-74.6
19.3,-75.7
19.6,-76.9
19.9,-77.4
20.0,-78.1
20.7,-79.6
21.1,-80.3
21.9,-80.8
22.1,-80.8
23.2,-81.2
24.3,-81.7
24.5,-81.8
25.0,-81.9
25.5,-81.8
25.9,-81.6
26.4,-81.4
27.0,-81.1
27.5,-80.9
28.0,-80.6
28.4,-80.6
28.7,-80.6
28.9,-80.5
29.1,-80.7
29.2,-80.7
29.3,-81.0
29.3,-81.1
29.3,-81.2
29.5,-81.9
29.6,-82.4
29.8,-83.0
29.7,-83.8
29.8,-84.7
30.0,-85.2
30.5,-85.9
30.8,-86.7
31.1,-87.7
31.8,-88.4
31.5,-89.7
31.3,-90.0
31.5,-89.9
32.0,-89.4
32.4,-89.0
32.7,-88.6
33.3,-87.9
33.9,-87.2
34.6,-86.5
35.0,-85.8
35.5,-85.1
36.1,-84.4
36.9,-83.6
37.4,-83.2
37.7,-82.6
22.0,-61.2
22.7,-62.4
23.5,-63.3
24.3,-64.0
25.1,-64.5
26.0,-65.0
27.2,-65.3
28.7,-65.4
30.2,-65.2
31.7,-64.9
32.3,-64.7
33.1,-63.9
33.6,-61.9
33.9,-59.0
27.7,-88.8
28.1,-87.7
28.9,-86.2
29.9,-85.4
30.8,-85.0
31.5,-84.6
32.2,-84.2
32.8,-83.7
33.3,-83.2
33.3,-82.5
33.3,-81.6
33.3,-80.5
33.3,-79.2
33.7,-77.9
33.9,-77.1
34.1,-76.8
35.4,-74.9
36.0,-74.8
36.8,-74.8
37.7,-74.7
38.9,-74.4
39.4,-74.4
40.2,-74.3
41.5,-74.2
43.4,-74.0
45.4,-73.8
36.0,-46.0
36.8,-44.8
37.2,-44.5
37.7,-44.7
37.4,-44.8
37.0,-44.2
36.8,-42.5
37.1,-40.5
37.8,-38.3
38.9,-36.5
40.4,-34.9
42.3,-33.1
45.0,-32.0
33.3,-65.4
33.2,-62.8
33.2,-60.7
32.9,-59.2
32.5,-58.1
32.0,-57.2
31.4,-56.2
30.8,-55.1
30.4,-54.0
30.3,-52.9
30.5,-51.8
31.1,-51.0
31.8,-49.9
32.6,-48.8
33.9,-47.3
35.5,-45.2
37.4,-42.5
39.1,-39.0
40.4,-34.7
41.5,-30.0
42.0,-25.0
43.0,-20.0
46.0,-16.0
48.0,-14.0
49.0,-11.0
49.0,-8.0
11.2,-29.2
11.2,-30.7
11.2,-32.1
11.2,-33.3
11.6,-34.4
12.1,-35.3
13.0,-36.0
13.9,-37.0
14.5,-38.0
15.0,-38.8
15.6,-39.7
15.9,-40.8
16.0,-41.6
16.3,-42.4
16.7,-43.4
16.8,-44.5
17.0,-45.2
17.5,-46.0
18.1,-46.5
18.7,-47.0
19.6,-47.3
20.8,-47.8
22.3,-48.3
23.7,-48.8
24.9,-49.4
26.2,-49.5
27.5,-48.7
29.0,-47.7
30.7,-46.3
32.5,-44.4
34.5,-43.0
36.8,-41.9
39.5,-41.2
42.6,-40.5
45.5,-40.5
48.1,-40.5
50.4,-38.9
53.0,-36.5
56.1,-32.0
59.5,-26.0
62.0,-17.0
63.5,-8.0
64.0,-2.0
64.0,2.5
64.5,7.0
65.0,10.5
65.3,12.0
65.5,13.5
16.3,-78.5
16.6,-79.8
17.0,-81.1
17.6,-82.3
18.1,-83.6
18.3,-85.0
18.3,-86.2
18.5,-87.6
18.5,-87.8
18.8,-88.8
19.2,-90.1
19.4,-91.1
19.6,-92.2
19.6,-93.3
19.7,-94.1
19.7,-94.9
19.6,-95.6
19.4,-96.0
19.3,-96.2
19.2,-96.4
18.7,-97.1
18.6,-97.4
13.1,-19.0
13.3,-19.3
13.6,-19.6
14.1,-20.0
14.8,-20.8
15.5,-21.9
16.2,-23.2
16.8,-24.5
17.2,-25.8
17.4,-27.3
17.5,-28.7
17.6,-29.8
17.7,-30.8
17.8,-31.8
18.0,-32.8
18.3,-33.8
18.5,-34.9
18.4,-36.2
18.3,-37.4
18.2,-38.6
18.1,-39.7
17.9,-40.7
17.9,-41.8
18.0,-42.9
18.1,-44.3
18.1,-45.6
18.2,-46.8
18.4,-47.8
19.0,-48.9
19.7,-50.3
20.0,-52.1
20.0,-53.7
20.0,-54.9
20.0,-56.0
20.2,-56.9
20.8,-57.5
21.5,-58.2
22.5,-59.2
23.5,-60.3
24.4,-61.7
25.3,-62.9
26.4,-63.7
27.3,-64.3
28.2,-64.9
29.2,-65.3
30.3,-65.3
31.5,-64.8
32.2,-63.3
32.9,-61.5
33.8,-59.3
35.8,-55.1
38.1,-50.4
41.0,-45.0
45.0,-39.9
19.1,-87.3
19.4,-87.5
19.4,-87.9
19.3,-88.2
19.3,-88.4
19.4,-88.4
19.5,-88.4
19.6,-88.3
19.8,-88.2
20.1,-88.2
20.6,-88.3
21.1,-88.5
21.4,-89.1
21.3,-89.9
21.1,-90.7
20.9,-91.2
20.8,-91.6
20.7,-91.9
20.8,-92.1
21.0,-92.3
21.2,-92.3
21.7,-92.2
22.2,-92.0
22.8,-91.6
23.5,-91.0
24.5,-90.1
25.9,-89.4
26.6,-88.8
27.3,-88.5
29.0,-87.7
30.3,-87.1
31.0,-86.8
33.2,-86.2
35.4,-85.7
38.5,-83.5
40.5,-82.3
42.0,-80.5
43.3,-78.4
44.5,-76.5
13.9,-46.4
14.2,-47.1
14.8,-47.8
15.7,-48.5
16.5,-49.2
17.1,-49.3
17.6,-48.9
18.2,-48.5
18.9,-48.0
19.6,-47.5
20.4,-46.6
21.5,-45.3
22.9,-43.9
24.6,-42.1
26.9,-40.1
29.6,-38.6
32.9,-37.8
36.8,-37.9
41.6,-38.7
47.1,-39.3
52.1,-32.0
13.3,-32.4
13.3,-33.3
13.4,-34.3
13.5,-35.4
13.7,-36.4
13.7,-37.4
13.9,-38.3
14.1,-39.1
14.3,-39.7
14.4,-40.2
14.4,-40.6
14.2,-41.1
13.9,-41.5
13.2,-41.4
13.0,-40.6
13.1,-40.0
14.3,-40.5
14.3,-41.7
13.8,-42.4
13.9,-43.2
14.0,-43.8
14.3,-44.4
14.9,-44.9
15.7,-45.4
16.7,-45.7
17.4,-45.8
18.0,-45.9
18.7,-46.0
19.2,-46.0
19.6,-46.0
20.0,-46.1
20.6,-46.2
21.3,-46.2
22.0,-46.4
23.0,-46.5
24.3,-46.5
25.4,-46.5
26.4,-46.4
27.5,-46.2
28.9,-45.8
30.1,-45.8
31.1,-46.1
32.0,-46.7
32.4,-47.3
33.1,-47.8
34.1,-47.8
35.1,-47.6
36.3,-47.0
37.7,-45.8
38.9,-43.8
40.3,-41.6
41.6,-39.1
42.8,-36.0
43.8,-33.0
44.5,-30.0
15.2,-32.0
15.5,-32.1
15.9,-32.1
16.3,-32.0
16.8,-31.9
17.3,-31.8
17.7,-31.7
17.8,-31.5
17.6,-31.3
17.3,-30.9
17.3,-30.4
17.4,-30.0
17.5,-29.7
17.5,-29.3
17.5,-28.8
17.6,-28.3
17.9,-28.0
18.3,-27.7
19.0,-27.6
19.7,-27.7
20.0,-27.7
20.4,-27.8
21.3,-28.0
22.3,-28.3
23.2,-28.6
24.0,-28.8
24.8,-28.9
25.3,-29.0
25.8,-29.2
26.3,-29.6
26.8,-30.1
27.4,-30.6
28.0,-31.1
28.6,-31.5
29.1,-31.7
29.5,-31.7
29.9,-31.6
30.2,-31.5
13.2,-26.7
13.4,-27.3
13.6,-27.8
13.9,-28.4
14.4,-29.3
15.1,-30.0
16.0,-30.7
16.7,-31.3
17.2,-31.7
17.7,-32.1
18.3,-32.4
18.9,-32.7
19.3,-33.3
19.7,-33.8
20.3,-34.2
20.9,-34.8
21.5,-35.4
22.0,-35.9
22.4,-36.3
22.9,-36.8
23.6,-37.4
24.4,-38.1
24.9,-39.2
25.4,-40.4
26.5,-41.4
27.6,-42.5
28.9,-42.5
29.8,-42.1
30.6,-41.2
31.6,-40.5
29.0,-81.4
29.5,-80.8
29.7,-79.9
29.8,-78.6
29.9,-77.3
30.2,-75.9
30.3,-74.3
30.6,-73.1
30.9,-72.4
31.3,-71.8
32.1,-70.7
33.1,-69.6
35.4,-68.3
37.4,-66.7
40.0,-64.0
43.0,-60.0
46.0,-57.0
49.0,-54.0
51.0,-50.0
53.0,-46.0
55.0,-41.0
56.0,-36.0
56.0,-30.0
55.0,-24.0
54.0,-17.0
53.0,-10.0
12.9,-27.4
13.0,-29.6
13.1,-31.7
13.2,-33.7
13.3,-35.6
13.4,-37.5
13.5,-39.2
13.6,-40.9
13.8,-42.6
14.2,-44.2
14.7,-45.8
15.3,-47.4
16.0,-49.0
16.5,-50.6
17.1,-52.2
17.6,-53.8
18.1,-55.3
18.8,-56.8
19.6,-58.1
20.4,-59.4
21.2,-60.7
22.1,-61.4
22.9,-61.7
23.4,-62.2
23.5,-62.6
23.8,-62.8
24.2,-62.6
24.5,-62.5
24.8,-62.5
25.0,-62.6
25.2,-62.8
25.4,-62.8
25.6,-62.8
25.8,-62.7
26.0,-62.6
26.2,-62.5
26.3,-62.4
26.4,-62.3
26.5,-62.2
26.6,-62.2
26.8,-62.2
27.1,-62.2
27.4,-62.3
27.8,-62.4
28.3,-62.5
29.0,-62.5
29.7,-62.6
30.5,-62.6
31.5,-62.5
32.6,-62.3
33.8,-62.0
35.1,-61.6
36.4,-60.8
38.5,-59.8
41.1,-58.6
44.0,-57.3
45.8,-56.1
47.7,-54.9
51.6,-51.9
55.5,-48.5
35.0,-45.0
34.4,-44.2
33.7,-44.2
33.3,-44.6
33.2,-45.2
33.0,-45.9
33.2,-46.5
33.5,-47.0
33.5,-47.8
32.9,-48.5
32.8,-47.9
33.0,-47.6
32.7,-47.2
32.1,-46.7
31.7,-45.2
32.9,-44.3
32.6,-42.6
32.3,-40.3
33.8,-38.5
36.1,-38.6
37.3,-40.4
37.1,-41.6
37.0,-42.5
37.0,-43.4
36.9,-44.5
36.6,-45.3
36.4,-46.4
36.3,-47.4
35.9,-48.9
35.4,-50.0
34.7,-50.6
34.3,-51.3
34.0,-51.7
33.8,-52.2
33.7,-52.6
33.6,-53.0
33.5,-53.4
33.3,-53.7
33.1,-54.1
32.8,-54.4
32.4,-54.9
31.9,-55.4
31.2,-55.9
30.4,-56.2
29.8,-56.6
29.6,-56.8
29.5,-56.8
29.8,-56.9
30.3,-57.0
30.9,-57.1
31.7,-57.2
32.8,-57.3
34.2,-57.6
35.2,-58.2
35.9,-58.3
36.2,-58.1
36.5,-57.6
36.9,-57.0
37.4,-56.4
37.5,-55.1
37.4,-53.7
37.1,-52.5
36.5,-51.6
36.1,-50.5
35.8,-49.4
35.5,-48.5
34.9,-47.4
34.3,-46.2
33.5,-45.1
32.7,-44.2
31.6,-43.6
30.7,-43.1
29.8,-42.7
28.8,-42.7
28.1,-42.5
27.7,-42.2
27.7,-41.6
28.1,-40.7
28.8,-39.3
29.5,-37.5
30.4,-35.2
31.4,-32.5
32.6,-29.6
33.4,-26.3
34.2,-22.4
35.5,-18.3
37.2,-14.1
39.3,-10.5
41.1,-7.6
25.4,-78.6
25.6,-79.4
25.6,-80.2
25.5,-80.8
25.6,-81.6
26.0,-82.5
26.7,-83.5
27.2,-84.5
27.6,-85.4
27.9,-86.0
28.2,-86.5
28.4,-86.9
28.6,-87.3
28.7,-87.7
28.8,-88.0
29.0,-88.1
29.3,-88.1
29.6,-88.0
29.9,-87.9
30.3,-87.7
30.5,-87.6
31.1,-87.2
31.6,-86.7
32.1,-86.1
32.6,-85.2
33.2,-83.8
33.7,-82.3
34.1,-80.8
28.3,-90.6
28.3,-91.3
28.4,-91.8
28.8,-92.4
29.4,-93.4
29.4,-94.9
29.3,-96.3
29.1,-97.0
29.0,-97.8
29.0,-98.3
29.0,-99.0
29.0,-100.0
10.5,-52.0
11.0,-54.0
11.2,-55.8
11.8,-57.5
12.2,-59.4
12.5,-61.2
13.0,-63.0
13.4,-64.8
13.8,-66.5
14.0,-68.5
14.5,-70.5
14.8,-72.5
14.9,-75.5
14.8,-78.5
32.5,-74.6
32.8,-74.2
33.6,-73.8
34.1,-73.5
34.3,-73.2
34.3,-73.1
34.0,-73.0
33.8,-73.1
33.9,-73.3
34.1,-73.8
34.3,-74.3
34.9,-74.8
35.9,-75.2
37.0,-75.4
37.8,-75.5
38.3,-75.6
39.6,-75.9
40.5,-76.5
13.4,-34.3
13.8,-36.1
14.2,-37.9
14.8,-39.8
15.3,-41.6
16.2,-43.3
16.9,-45.3
17.6,-47.3
18.4,-49.1
19.1,-51.1
19.7,-52.8
20.1,-54.9
20.6,-56.7
21.2,-58.5
21.8,-60.1
22.4,-61.7
22.7,-63.2
23.0,-64.4
23.4,-65.7
23.9,-66.9
24.3,-68.2
24.8,-69.4
25.4,-70.5
25.9,-71.4
26.4,-72.2
26.9,-73.1
27.5,-73.9
27.9,-74.1
28.4,-74.3
29.2,-74.1
30.0,-73.7
30.9,-73.3
31.7,-72.7
32.2,-72.0
32.9,-70.7
33.7,-69.1
34.6,-67.6
36.0,-65.4
37.9,-63.1
39.9,-60.1
42.1,-57.5
43.4,-54.8
44.6,-51.9
44.8,-48.5
44.9,-44.0
45.0,-40.5
45.3,-37.0
45.9,-33.0
46.5,-28.0
47.0,-25.0
48.0,-22.0
50.0,-19.0
51.5,-18.0
52.8,-17.1
53.3,-16.7
53.8,-16.2
54.5,-16.0
55.0,-15.0
55.8,-14.0
56.4,-13.1
57.0,-12.0
12.3,-21.8
12.4,-23.0
12.6,-24.2
12.9,-25.5
13.2,-26.8
13.5,-28.1
13.8,-29.3
14.1,-30.8
14.7,-32.1
15.2,-33.5
16.0,-34.8
16.8,-36.0
17.7,-37.2
19.0,-38.2
20.3,-38.9
21.7,-39.6
23.3,-40.0
24.6,-40.3
25.9,-40.6
27.3,-40.3
28.1,-39.8
28.9,-38.9
29.3,-37.8
29.7,-37.7
29.9,-37.7
29.9,-37.2
29.8,-36.8
30.2,-37.0
30.5,-37.2
30.9,-37.6
30.9,-38.0
30.6,-38.6
30.7,-38.9
30.5,-39.2
30.3,-39.8
30.2,-40.3
30.3,-40.8
30.4,-41.2
30.8,-42.0
31.7,-42.5
32.3,-43.3
33.1,-43.8
33.9,-44.2
34.7,-44.6
35.5,-45.0
36.4,-45.2
10.7,-31.1
11.0,-31.7
11.4,-32.4
11.8,-33.1
12.4,-33.9
13.2,-34.8
13.8,-35.9
14.2,-37.4
14.7,-39.1
15.2,-40.9
15.4,-42.6
15.6,-44.2
16.2,-45.8
17.0,-47.5
17.7,-49.0
18.4,-50.4
19.4,-51.6
20.7,-52.6
22.0,-53.6
23.1,-54.6
24.0,-55.4
24.8,-56.4
25.6,-57.3
26.2,-58.3
26.5,-59.3
27.1,-60.1
27.7,-60.5
28.3,-61.0
28.9,-60.8
29.6,-60.2
30.9,-59.2
32.4,-57.9
34.7,-56.2
37.3,-55.0
38.7,-53.8
40.0,-52.8
40.6,-51.6
41.0,-50.2
41.1,-48.0
41.2,-44.8
41.3,-41.0
42.1,-35.9
43.5,-30.4
44.8,-26.3
46.2,-24.0
47.9,-22.0
49.5,-20.7
51.1,-19.9
53.0,-20.3
55.0,-21.5
57.5,-23.0
19.4,-91.6
19.7,-92.3
19.9,-93.2
19.9,-94.1
19.8,-94.6
19.8,-95.1
20.0,-95.5
20.7,-96.1
21.3,-96.8
21.2,-97.4
21.1,-97.8
20.8,-98.7
18.4,-83.6
18.4,-82.7
18.6,-81.7
19.0,-80.6
19.6,-79.7
20.3,-78.7
21.1,-77.4
22.4,-76.4
23.0,-74.5
23.4,-72.8
24.0,-71.0
34.3,-77.5
33.8,-76.7
33.0,-76.0
32.0,-75.6
31.0,-75.2
30.0,-75.0
29.0,-75.1
28.1,-75.4
27.2,-75.8
26.3,-76.3
25.5,-76.9
25.0,-78.0
26.2,-78.2
27.2,-77.2
28.3,-75.7
29.4,-74.4
30.7,-73.2
31.4,-72.3
32.0,-71.0
32.4,-69.7
32.6,-68.3
32.9,-67.0
33.0,-65.5
33.0,-64.5
33.0,-63.6
32.9,-62.8
32.8,-62.3
32.6,-61.8
32.4,-61.3
32.2,-60.8
31.7,-60.3
31.3,-60.0
30.9,-59.6
30.5,-59.3
30.2,-59.0
29.9,-58.7
29.8,-58.2
29.8,-57.8
29.9,-57.3
30.2,-56.8
30.9,-56.2
31.5,-55.7
32.4,-54.7
33.3,-53.5
34.0,-52.2
34.8,-50.8
35.4,-49.5
35.5,-47.5
35.0,-46.0
34.5,-44.5
34.0,-43.5
33.8,-43.0
33.7,-42.7
33.6,-42.3
33.5,-42.0
34.5,-42.5
35.5,-43.0
36.5,-43.0
38.0,-43.0
39.5,-42.5
41.5,-41.0
44.0,-39.0
46.5,-36.5
48.5,-33.0
50.0,-30.0
50.5,-27.0
50.5,-23.5
50.0,-20.0
48.0,-18.0
46.0,-17.0
44.0,-16.5
43.0,-15.0
41.5,-14.5
39.5,-14.0
37.5,-11.5
39.0,-8.0
39.0,-6.0
39.0,-5.0
39.0,-4.5
39.0,-4.0
20.5,-91.9
20.8,-92.3
21.1,-92.8
21.7,-93.1
22.6,-93.4
23.8,-94.1
25.9,-95.9
26.0,-96.3
26.3,-96.7
27.0,-97.2
27.1,-97.4
27.2,-97.8
27.2,-97.9
27.1,-98.1
27.1,-98.3
27.1,-58.1
27.7,-57.4
28.1,-57.3
28.3,-57.3
28.5,-57.4
28.8,-57.5
29.0,-57.8
29.1,-58.2
29.1,-58.7
29.1,-59.2
29.2,-59.8
29.3,-60.4
29.6,-60.7
29.8,-61.1
29.7,-61.5
29.6,-61.3
29.9,-61.4
30.0,-61.7
30.3,-62.0
30.8,-62.3
31.3,-62.5
31.8,-62.8
32.5,-63.0
33.4,-63.0
34.4,-62.3
35.4,-61.6
16.9,-84.0
17.4,-83.9
18.2,-83.9
19.0,-84.0
19.7,-84.1
20.4,-84.2
21.2,-84.4
21.8,-84.5
23.0,-84.7
24.9,-85.1
26.5,-85.6
27.7,-86.8
28.9,-87.2
30.1,-87.5
30.3,-87.5
31.4,-87.6
32.7,-87.7
35.0,-88.0
37.0,-87.8
38.5,-87.5
40.5,-86.0
42.0,-85.0
43.0,-84.0
43.7,-81.1
44.8,-77.6
19.9,-92.8
20.3,-93.1
20.7,-93.5
21.0,-93.9
21.2,-94.5
21.3,-95.3
21.4,-95.6
21.6,-96.1
21.6,-97.0
21.6,-97.3
21.6,-97.4
21.5,-98.1
21.1,-98.7
35.8,-50.3
35.1,-49.5
34.4,-48.7
33.7,-47.8
33.2,-47.0
32.7,-46.1
32.3,-45.3
32.1,-44.7
31.9,-44.4
31.6,-44.1
31.1,-43.5
31.1,-42.6
31.3,-41.8
31.7,-41.1
32.1,-40.4
32.8,-39.6
33.8,-39.2
35.4,-39.6
37.3,-40.7
39.0,-43.0
40.0,-46.3
39.9,-49.3
38.5,-50.8
36.3,-51.2
34.7,-50.0
32.8,-48.7
31.9,-46.4
11.3,-20.0
11.5,-20.9
11.7,-21.8
12.0,-22.8
12.4,-23.9
13.0,-25.4
13.5,-27.1
13.9,-29.0
14.4,-30.8
14.9,-32.4
15.3,-33.9
15.7,-35.5
16.0,-37.1
16.4,-38.7
16.9,-40.7
17.3,-42.8
17.6,-45.0
17.8,-47.1
18.0,-49.2
18.3,-51.1
18.6,-53.0
19.0,-54.9
19.4,-56.8
19.8,-58.6
20.1,-60.3
20.4,-62.0
20.6,-63.7
20.8,-65.3
21.0,-66.9
21.3,-68.5
21.5,-69.8
21.7,-71.0
21.9,-72.2
22.1,-73.3
22.4,-74.4
22.6,-75.3
22.8,-75.9
23.0,-76.5
23.3,-77.0
23.7,-77.7
24.2,-78.4
24.9,-79.0
25.7,-79.3
26.5,-79.4
27.4,-79.4
28.4,-79.3
29.4,-79.1
30.3,-78.8
31.1,-78.1
31.8,-77.2
32.4,-75.6
10.3,-46.4
10.4,-47.5
10.6,-48.7
10.8,-49.9
11.0,-51.0
11.2,-52.3
11.4,-53.5
11.6,-54.7
11.9,-56.0
12.2,-57.2
12.6,-58.3
13.0,-59.2
13.1,-59.4
13.5,-60.2
14.0,-60.9
14.2,-61.2
15.0,-62.0
15.7,-62.8
16.4,-63.5
17.3,-64.2
17.8,-64.6
18.4,-65.1
19.2,-65.7
20.0,-66.3
21.0,-66.9
22.0,-67.4
22.8,-68.0
23.5,-68.8
24.3,-69.5
24.8,-70.3
25.3,-71.1
25.6,-72.1
25.9,-73.0
26.1,-74.0
26.3,-74.7
26.4,-75.6
26.5,-76.5
26.5,-77.0
26.5,-77.1
26.6,-77.7
26.6,-77.8
26.6,-78.0
26.7,-78.3
26.8,-78.4
26.9,-78.5
27.0,-78.5
27.1,-78.5
27.6,-78.6
28.1,-78.8
28.8,-79.2
29.5,-79.6
30.1,-79.7
30.7,-79.7
31.4,-79.6
32.1,-79.2
32.7,-78.9
33.4,-77.9
34.1,-76.9
35.1,-75.7
35.2,-75.6
36.2,-73.7
37.4,-71.2
38.9,-68.9
40.8,-66.9
42.8,-64.6
45.2,-62.9
47.6,-61.9
49.4,-60.4
50.8,-57.9
51.6,-54.8
12.5,-40.7
12.9,-42.4
13.3,-44.4
13.7,-46.6
14.3,-49.3
15.3,-52.2
16.1,-54.8
17.0,-57.2
18.0,-59.5
19.2,-61.1
20.4,-62.5
21.7,-63.7
23.0,-64.9
24.4,-65.8
25.0,-66.1
25.6,-66.6
26.4,-67.2
27.0,-67.1
27.7,-66.9
28.5,-66.6
28.9,-66.4
29.1,-66.2
29.3,-65.9
29.7,-65.7
30.3,-65.7
21.6,-88.0
22.4,-87.9
23.2,-87.8
24.6,-87.6
26.4,-87.3
28.1,-86.1
29.4,-84.3
29.8,-83.6
30.7,-82.1
33.2,-78.5
35.5,-74.4
38.0,-70.0
40.0,-65.0
41.0,-61.0
43.0,-58.0
11.6,-21.0
11.3,-23.0
11.3,-24.8
11.4,-26.5
11.5,-28.3
11.5,-30.0
11.5,-31.7
11.8,-33.4
12.3,-35.1
12.8,-36.8
13.4,-38.6
13.9,-40.3
14.4,-42.0
14.8,-43.8
15.2,-45.5
15.6,-47.2
16.1,-48.8
16.5,-50.3
16.8,-50.9
17.0,-51.5
17.4,-52.7
18.0,-53.8
18.6,-54.8
19.3,-55.7
19.9,-56.5
20.6,-57.2
21.4,-57.8
22.2,-58.3
23.1,-58.8
24.0,-59.3
25.1,-59.8
26.4,-60.0
27.7,-60.0
29.0,-59.9
30.5,-59.8
32.1,-59.6
33.7,-59.6
35.1,-59.6
36.4,-59.7
37.2,-59.8
38.0,-59.9
38.5,-60.0
38.9,-60.1
39.1,-60.3
39.1,-60.4
39.1,-60.6
39.1,-61.1
39.1,-61.6
39.0,-62.0
39.4,-62.0
39.9,-61.3
40.2,-60.6
40.3,-59.7
40.5,-58.7
41.0,-57.1
41.8,-55.3
42.7,-53.5
43.8,-51.5
23.7,-94.8
23.7,-95.4
23.7,-96.2
23.5,-96.5
23.1,-96.7
23.0,-96.7
23.1,-97.0
23.3,-97.2
23.6,-97.5
23.7,-97.8
23.9,-98.2
25.8,-84.1
25.7,-84.6
25.7,-85.0
25.6,-85.3
25.4,-85.4
25.1,-85.7
25.2,-85.3
25.3,-84.9
25.4,-84.5
25.4,-84.1
25.8,-83.6
27.1,-82.6
28.0,-81.8
28.6,-81.4
28.6,-80.9
28.9,-80.1
29.8,-79.0
30.4,-77.9
30.8,-76.8
31.6,-74.9
32.3,-72.8
33.1,-70.7
34.0,-68.5
35.3,-66.6
36.2,-64.7
36.9,-62.9
37.9,-61.8
39.0,-60.4
40.2,-58.9
41.5,-57.5
42.8,-55.5
43.5,-54.0
46.5,-52.0
48.5,-48.5
50.0,-46.0
52.0,-43.0
54.0,-40.0
55.0,-37.5
55.0,-35.0
56.0,-32.5
57.5,-31.0
30.1,-71.8
30.5,-72.8
31.1,-73.8
31.8,-74.6
32.6,-75.4
33.5,-76.0
34.3,-76.4
34.8,-76.4
35.2,-76.3
36.0,-75.8
36.7,-75.0
37.1,-73.8
37.5,-72.0
37.9,-70.0
38.4,-68.0
16.2,-65.9
16.7,-66.3
17.1,-67.0
17.4,-67.7
17.9,-68.4
18.8,-68.4
19.5,-68.5
20.0,-68.6
20.4,-68.7
21.2,-68.7
22.0,-68.8
22.8,-69.2
23.6,-69.2
24.4,-69.1
24.7,-68.9
24.8,-68.8
24.9,-68.7
25.1,-68.2
25.4,-67.8
25.9,-66.9
26.6,-65.9
27.6,-65.1
29.0,-65.0
30.1,-64.8
31.1,-64.7
31.9,-64.9
32.3,-65.4
32.5,-65.7
32.6,-66.2
32.9,-66.8
33.2,-67.4
33.6,-67.6
34.0,-67.9
34.7,-68.1
35.9,-67.5
37.7,-66.6
16.1,-30.1
16.8,-30.9
17.5,-31.6
18.1,-32.1
18.7,-32.6
19.5,-33.2
20.1,-33.6
20.5,-33.7
20.8,-33.9
21.5,-34.5
22.3,-35.2
22.9,-35.6
23.8,-36.2
25.0,-37.1
26.2,-38.0
27.4,-39.0
29.0,-40.1
30.5,-41.6
31.0,-43.9
31.5,-45.8
31.8,-47.4
32.3,-48.4
33.2,-49.0
34.5,-49.3
35.8,-49.3
37.1,-48.9
38.4,-48.0
40.0,-46.3
41.4,-44.2
42.4,-41.7
43.3,-39.1
44.1,-36.4
45.5,-33.5
47.0,-30.0
49.0,-26.4
37.1,-64.3
37.1,-64.1
37.3,-63.9
37.4,-63.7
37.4,-63.8
37.5,-63.8
37.8,-63.7
38.0,-62.8
39.0,-61.8
40.0,-60.7
41.0,-59.9
42.0,-59.2
42.4,-57.8
26.0,-76.0
26.8,-76.2
27.4,-76.3
28.1,-76.8
28.1,-77.6
28.1,-78.9
28.0,-79.8
27.9,-80.6
27.9,-80.8
27.5,-82.0
27.0,-83.8
26.3,-85.0
25.7,-86.3
25.2,-87.6
25.1,-88.9
25.2,-90.2
25.8,-91.6
25.8,-93.0
25.7,-94.5
25.5,-95.5
25.5,-96.4
25.4,-97.4
25.4,-97.5
25.5,-98.5
25.5,-99.5
25.5,-100.5
12.8,-37.8
13.0,-39.9
13.9,-42.1
15.0,-44.6
16.3,-46.9
17.7,-48.2
18.8,-49.2
19.8,-50.4
20.7,-51.8
21.4,-53.1
22.1,-53.9
22.8,-54.4
23.5,-54.9
23.8,-55.4
24.0,-56.0
23.9,-56.6
23.7,-57.4
23.3,-58.1
32.0,-72.0
31.9,-72.0
31.8,-72.0
31.7,-71.9
31.5,-71.7
31.3,-71.6
31.3,-71.3
31.6,-71.0
32.2,-70.6
33.2,-70.2
33.6,-69.9
34.0,-69.6
34.9,-68.9
35.9,-68.2
37.2,-67.2
38.7,-66.0
40.5,-64.6
42.3,-63.1
44.3,-61.7
45.3,-61.0
45.6,-60.8
46.4,-60.5
48.5,-59.2
25.7,-84.8
26.2,-84.9
26.4,-85.6
26.6,-86.3
26.9,-87.0
26.8,-87.2
26.7,-87.5
26.6,-87.8
26.9,-87.7
27.1,-87.5
27.3,-87.3
27.5,-86.7
28.1,-86.4
28.6,-86.4
29.5,-86.3
30.4,-86.3
30.6,-86.4
31.8,-86.9
32.7,-87.7
33.3,-88.5
34.0,-89.1
34.7,-89.7
35.6,-89.8
36.6,-89.9
37.5,-90.0
18.1,-87.0
18.7,-86.9
19.1,-86.8
19.6,-86.6
20.1,-86.0
21.2,-85.8
22.3,-85.8
23.6,-85.7
24.3,-85.2
25.1,-84.6
27.0,-83.2
27.5,-82.7
29.7,-82.1
31.4,-81.4
32.1,-81.0
32.8,-80.0
33.7,-78.4
35.3,-76.0
37.2,-74.6
39.0,-73.2
40.7,-72.1
42.4,-70.8
44.6,-69.5
47.5,-68.5
12.4,-81.5
13.4,-82.0
14.2,-82.8
14.8,-83.8
15.3,-84.8
15.6,-85.9
16.0,-87.0
16.3,-87.9
16.5,-88.4
16.6,-88.6
17.0,-89.3
17.6,-90.3
18.2,-91.3
18.8,-92.2
19.2,-93.1
19.5,-94.0
19.6,-94.8
19.6,-95.4
19.6,-95.9
19.6,-96.4
19.6,-96.5
19.6,-97.0
19.6,-97.5
28.5,-86.5
28.1,-87.1
27.8,-87.6
27.7,-88.0
27.7,-88.4
27.7,-88.8
27.8,-89.2
27.9,-89.7
28.1,-90.2
28.4,-90.7
28.6,-91.1
28.9,-91.5
29.3,-91.9
29.6,-92.2
29.9,-92.4
30.4,-92.8
31.0,-93.2
31.6,-93.5
32.3,-93.6
33.0,-93.6
33.9,-93.6
34.7,-93.6
35.5,-93.5
36.3,-93.3
37.2,-92.9
13.0,-43.6
13.0,-44.3
13.1,-45.1
13.4,-45.9
13.7,-46.7
14.1,-47.5
14.4,-48.1
14.7,-48.6
15.0,-49.3
15.3,-49.9
15.6,-50.5
15.9,-51.2
16.2,-52.2
16.3,-53.3
16.5,-54.4
16.7,-55.4
16.9,-56.3
17.1,-57.2
17.2,-58.1
17.3,-59.0
17.5,-59.9
18.0,-60.6
18.4,-61.0
18.8,-61.4
19.0,-61.7
19.1,-62.0
19.3,-92.2
19.6,-92.9
19.7,-93.6
19.7,-94.1
19.6,-94.6
19.3,-95.1
19.1,-95.3
19.3,-95.3
19.6,-95.1
20.3,-94.6
21.0,-94.4
21.6,-94.7
22.0,-95.2
22.4,-95.6
22.7,-95.9
23.0,-96.2
23.4,-96.9
23.7,-97.7
23.7,-97.8
23.7,-98.7
23.7,-99.2
23.7,-99.7
25.1,-86.6
25.6,-86.5
26.7,-86.1
27.8,-84.9
28.9,-83.9
29.5,-83.4
29.8,-83.0
31.6,-81.4
33.5,-80.2
35.2,-78.6
37.4,-76.2
39.9,-73.6
42.4,-70.4
44.5,-67.0
19.8,-69.5
20.8,-70.2
21.5,-71.0
22.4,-71.8
23.5,-71.9
24.6,-71.8
25.6,-71.0
26.7,-70.3
27.8,-69.6
29.0,-68.5
30.5,-67.5
32.1,-66.7
33.6,-65.8
35.1,-65.6
36.4,-65.6
36.8,-65.6
37.1,-65.0
37.6,-63.5
38.8,-62.3
40.1,-60.7
41.6,-58.5
43.5,-56.1
45.3,-53.5
47.0,-50.5
48.5,-47.1
50.0,-43.5
50.8,-39.0
51.5,-33.5
51.8,-26.6
51.5,-19.0
20.1,-91.0
20.2,-91.7
20.3,-92.4
20.4,-93.1
20.5,-93.8
20.6,-94.5
20.7,-95.2
20.8,-95.9
20.8,-96.6
20.7,-97.3
20.5,-98.1
20.3,-98.9
20.0,-99.8
19.8,-100.7
19.6,-101.6
19.5,-102.5
19.4,-103.4
19.5,-104.3
19.6,-105.1
19.9,-105.9
20.5,-106.4
21.0,-106.8
21.5,-107.1
22.0,-107.4
22.5,-107.7
23.0,-108.0
23.5,-108.3
23.9,-108.5
24.2,-108.7
24.4,-108.9
24.3,-109.1
24.2,-109.3
24.0,-109.0
13.1,-56.8
13.4,-58.3
13.7,-60.2
14.0,-61.0
14.1,-61.6
14.6,-63.2
15.1,-64.9
15.5,-66.7
12.0,-44.5
12.6,-45.3
13.3,-46.8
14.0,-48.8
14.7,-50.6
15.1,-52.1
15.4,-54.0
15.7,-56.3
16.1,-58.5
16.8,-60.1
17.1,-60.9
17.5,-61.7
17.9,-62.8
18.1,-63.5
18.5,-64.4
18.8,-65.4
19.2,-66.7
19.5,-68.1
19.8,-69.7
20.0,-71.5
19.9,-73.3
19.6,-75.1
19.5,-77.0
11.6,-21.7
12.0,-22.7
12.6,-23.9
13.4,-25.3
14.2,-26.7
14.9,-28.1
15.7,-29.5
16.7,-31.0
17.6,-32.4
18.4,-33.9
19.2,-35.5
20.1,-37.1
20.9,-38.7
21.7,-40.2
22.6,-41.5
23.6,-42.7
24.4,-44.1
24.8,-45.1
25.2,-46.1
25.7,-46.9
26.5,-47.5
27.3,-48.1
28.3,-48.8
29.4,-49.1
30.6,-48.9
32.1,-48.3
25.5,-87.6
26.0,-87.5
26.5,-87.4
27.0,-87.2
27.6,-86.8
28.0,-86.3
28.3,-86.0
28.6,-85.8
28.8,-85.6
29.0,-85.3
29.0,-85.0
28.9,-84.7
28.9,-84.3
29.2,-83.7
29.3,-83.2
29.4,-82.7
29.5,-81.5
29.5,-80.3
41.2,-33.7
40.8,-35.5
40.4,-37.2
39.9,-38.9
39.2,-40.5
38.6,-42.2
37.8,-44.0
36.7,-45.1
35.7,-46.0
34.8,-47.2
33.9,-48.4
32.9,-49.2
32.2,-49.8
31.7,-50.3
31.3,-50.0
31.9,-49.5
32.6,-48.9
33.7,-47.9
36.0,-47.6
37.9,-48.1
39.0,-49.0
39.7,-49.2
40.4,-49.0
41.0,-48.6
41.6,-48.1
42.4,-47.2
43.2,-46.0
44.0,-44.4
45.1,-42.0
45.9,-38.5
46.5,-34.7
47.0,-30.8
27.5,-93.5
28.0,-93.5
28.5,-93.5
29.3,-93.8
29.9,-93.9
30.0,-94.0
22.5,-79.5
22.7,-80.7
23.5,-81.4
24.1,-82.0
24.6,-82.4
25.2,-82.5
26.0,-82.6
26.7,-82.6
27.5,-82.8
28.3,-83.0
29.1,-83.1
30.7,-83.0
32.0,-83.0
33.2,-82.6
33.7,-81.9
33.8,-81.5
34.0,-81.0
10.5,-77.5
11.3,-78.0
12.0,-78.5
12.8,-78.9
13.5,-79.0
14.0,-79.0
14.3,-79.0
14.7,-79.0
15.0,-79.0
15.5,-79.0
15.8,-79.0
16.2,-79.0
16.5,-79.0
17.0,-79.0
16.8,-79.8
16.3,-80.5
15.8,-80.8
15.0,-81.0
14.9,-81.0
14.7,-81.0
14.6,-81.0
14.5,-81.0
14.2,-81.0
13.8,-80.9
13.5,-80.7
13.5,-80.2
13.8,-79.5
13.8,-78.5
14.2,-77.8
14.6,-77.4
14.9,-77.1
15.1,-76.8
15.3,-76.6
15.6,-76.5
15.8,-76.3
15.9,-76.0
15.9,-75.4
15.9,-75.0
16.0,-74.7
15.9,-74.5
15.7,-74.5
15.6,-74.8
15.8,-76.0
15.9,-77.0
16.0,-78.0
16.0,-78.9
16.7,-80.2
17.5,-81.5
18.3,-82.6
19.2,-83.5
19.7,-84.0
20.1,-84.4
20.1,-84.3
19.6,-84.8
18.5,-91.7
18.6,-92.7
18.9,-93.7
19.4,-94.5
19.7,-95.2
19.8,-95.9
19.9,-96.5
19.9,-96.9
14.1,-80.5
14.6,-81.8
15.3,-82.9
16.3,-83.7
17.4,-84.2
18.3,-84.6
19.2,-85.1
20.3,-85.2
21.3,-85.5
22.2,-86.1
23.2,-86.7
24.3,-87.2
25.3,-87.4
26.4,-87.6
27.3,-87.9
28.1,-88.3
28.7,-88.6
28.9,-89.3
28.7,-90.5
28.6,-91.4
29.1,-92.3
28.4,-67.0
28.4,-66.6
28.5,-66.5
28.6,-66.4
28.7,-66.3
28.9,-66.2
29.3,-66.0
29.6,-65.7
30.0,-65.0
30.5,-63.8
31.4,-62.7
32.6,-61.1
33.4,-59.1
34.0,-55.8
34.5,-53.4
34.7,-50.8
34.6,-49.0
34.5,-45.9
34.9,-44.1
35.2,-42.1
36.0,-40.6
37.4,-38.3
39.2,-35.6
41.6,-33.3
43.5,-32.0
44.0,-28.1
46.0,-25.0
20.3,-93.9
20.3,-93.7
20.3,-93.3
20.3,-92.9
20.3,-92.6
20.2,-92.5
20.1,-92.4
19.9,-92.3
19.7,-92.3
19.7,-92.1
19.9,-92.2
20.0,-92.4
20.0,-92.7
20.0,-93.0
20.0,-93.4
20.1,-93.8
20.1,-94.2
20.1,-94.7
20.0,-95.4
20.3,-96.4
20.5,-97.0
20.5,-97.2
20.5,-97.8
10.7,-80.8
11.1,-81.1
11.4,-81.2
11.7,-81.4
12.0,-81.8
12.3,-82.3
12.6,-82.7
13.1,-83.1
13.9,-83.5
14.5,-84.0
15.3,-84.4
16.3,-84.7
17.9,-84.7
19.5,-85.2
21.3,-85.9
23.5,-86.5
25.7,-87.9
27.6,-88.9
29.1,-89.2
30.4,-89.0
30.5,-88.9
32.2,-88.0
34.1,-87.1
36.2,-85.7
39.1,-83.4
41.5,-80.5
43.1,-76.3
44.2,-72.0
45.6,-67.6
46.1,-63.9
46.5,-60.4
47.5,-56.0
31.7,-68.2
33.4,-67.5
35.2,-66.4
38.2,-64.0
38.8,-63.7
39.7,-63.3
40.8,-61.0
41.2,-59.3
41.0,-59.0
41.3,-56.4
44.4,-51.2
14.3,-77.4
13.9,-77.8
13.5,-78.2
13.1,-78.6
12.7,-78.7
12.6,-78.4
12.9,-78.1
13.4,-77.9
14.0,-77.6
14.7,-77.3
15.6,-77.1
16.6,-76.9
17.7,-76.7
17.9,-76.6
18.9,-76.4
20.0,-76.0
20.1,-76.0
20.9,-75.7
21.7,-75.5
23.3,-75.3
24.8,-75.9
25.7,-76.4
26.4,-76.9
27.0,-77.2
27.5,-77.1
28.1,-76.9
28.8,-76.5
29.7,-75.6
30.5,-74.7
31.3,-73.9
32.0,-73.0
32.8,-72.0
33.9,-71.0
35.3,-70.5
36.9,-71.0
38.3,-73.2
38.8,-74.0
39.4,-74.4
39.5,-74.5
39.9,-76.2
40.1,-77.8
40.4,-78.9
40.7,-79.8
41.1,-80.3
41.5,-80.7
18.8,-45.5
19.3,-46.2
19.9,-47.2
20.5,-48.3
21.1,-49.4
21.5,-50.2
22.0,-51.0
23.0,-52.0
24.4,-53.1
25.5,-54.0
26.5,-54.6
27.5,-55.1
28.6,-55.5
29.6,-56.0
30.2,-56.5
30.9,-56.8
31.5,-56.8
32.1,-56.7
32.6,-56.6
33.0,-56.5
33.5,-56.0
33.9,-55.4
34.4,-54.6
34.8,-53.3
35.6,-51.8
36.5,-50.8
37.2,-49.9
37.9,-49.0
38.7,-48.0
39.1,-47.2
39.4,-46.4
39.8,-44.9
40.4,-43.4
41.1,-42.1
41.9,-40.6
42.9,-39.2
44.5,-37.7
46.0,-36.3
48.0,-35.0
50.0,-34.0
52.0,-32.9
54.0,-32.0
55.5,-31.0
57.0,-29.0
58.5,-26.0
61.0,-23.0
62.0,-21.0
62.9,-19.0
63.5,-16.0
63.0,-10.0
63.0,0.0
11.5,-35.9
11.9,-37.5
12.3,-39.1
12.8,-41.0
13.0,-43.0
13.2,-45.2
13.2,-47.7
13.0,-50.1
13.2,-52.1
13.5,-53.7
13.9,-55.2
14.3,-56.6
14.9,-57.9
15.4,-59.0
16.0,-60.0
16.9,-61.1
17.8,-62.0
18.3,-62.7
18.7,-63.4
19.1,-64.1
19.6,-64.7
20.0,-65.3
20.4,-66.1
20.6,-66.9
20.8,-67.1
21.0,-67.3
21.3,-67.5
21.7,-67.7
22.3,-68.0
23.1,-68.5
23.9,-69.0
24.7,-69.3
25.8,-69.3
27.2,-68.9
28.8,-68.4
30.9,-67.8
33.7,-66.9
36.8,-64.8
39.8,-62.1
42.9,-58.2
46.7,-53.9
47.0,-53.5
12.2,-49.7
12.2,-51.7
12.4,-53.1
12.8,-54.4
13.3,-55.7
13.6,-57.0
14.0,-58.0
14.3,-59.0
14.5,-59.7
14.9,-60.4
15.3,-61.1
15.4,-61.3
15.7,-61.9
16.1,-62.7
16.6,-63.5
17.0,-64.3
17.3,-64.7
17.6,-65.1
18.0,-65.9
18.2,-66.2
18.6,-67.0
19.0,-67.6
19.4,-68.2
19.9,-68.8
20.5,-69.5
20.8,-70.0
21.2,-70.5
21.9,-70.9
22.8,-71.2
23.7,-71.6
24.4,-71.9
25.1,-72.1
25.9,-72.3
26.6,-72.4
27.5,-72.6
28.4,-72.8
29.1,-72.9
29.7,-72.9
30.3,-72.9
30.8,-73.0
31.4,-73.1
32.0,-73.1
32.6,-73.1
33.3,-73.1
33.9,-73.1
34.4,-73.0
34.9,-72.9
35.4,-72.8
36.0,-72.6
36.6,-72.2
36.7,-71.3
36.8,-70.0
36.8,-68.6
36.9,-66.8
37.0,-64.6
37.0,-62.0
37.4,-59.0
38.1,-55.6
39.1,-52.2
40.0,-48.8
41.2,-45.6
42.2,-42.6
43.4,-39.4
44.9,-35.5
46.5,-31.0
47.5,-26.5
48.0,-22.0
48.0,-17.0
12.5,-46.3
12.8,-48.4
13.4,-50.4
14.6,-52.1
15.7,-53.8
16.5,-55.5
17.0,-57.2
17.5,-58.8
17.8,-60.3
18.0,-62.1
18.2,-63.8
18.3,-65.4
18.4,-67.0
18.5,-68.5
18.7,-69.5
18.8,-70.5
18.8,-71.4
19.0,-72.4
19.0,-73.3
19.2,-74.7
19.5,-76.7
20.0,-78.7
20.6,-80.4
21.4,-82.2
22.1,-83.5
22.8,-85.0
23.5,-86.5
24.0,-87.4
24.5,-88.5
25.0,-89.5
25.4,-90.5
25.9,-91.4
26.4,-92.4
26.9,-92.9
27.5,-93.4
28.3,-93.5
28.8,-93.7
29.6,-93.9
30.3,-93.9
30.3,-94.3
30.5,-94.8
30.5,-95.2
30.2,-95.3
30.6,-95.1
30.8,-95.4
31.3,-96.3
31.8,-96.6
32.7,-96.4
34.0,-95.9
35.3,-95.3
36.4,-94.6
37.8,-93.4
38.6,-91.0
38.8,-88.0
39.0,-85.2
39.0,-82.8
39.0,-80.2
31.5,-80.5
32.0,-79.0
32.5,-77.5
33.0,-76.5
33.5,-75.3
34.0,-74.0
34.3,-72.7
34.5,-71.5
34.7,-70.3
34.8,-69.1
34.7,-67.7
34.5,-66.4
34.4,-64.9
34.5,-63.2
35.1,-61.5
35.5,-59.5
35.3,-57.5
35.1,-55.0
35.2,-52.5
35.3,-50.1
35.5,-47.8
35.6,-45.2
35.7,-42.6
35.8,-40.0
36.4,-37.0
37.5,-34.5
39.2,-31.6
40.7,-28.7
42.6,-25.7
44.5,-22.5
26.7,-55.9
26.8,-55.7
26.7,-55.6
26.5,-55.7
26.2,-56.0
26.0,-56.5
25.9,-57.1
26.0,-57.9
26.2,-58.8
26.4,-59.7
26.6,-60.3
26.8,-61.0
27.0,-61.5
27.2,-61.7
27.7,-62.4
28.4,-62.8
29.2,-63.1
30.0,-63.3
31.0,-63.2
31.9,-62.5
32.9,-61.4
33.8,-60.5
34.2,-59.0
34.3,-57.4
33.9,-56.0
33.5,-54.0
33.4,-51.8
33.6,-48.8
33.9,-46.1
34.3,-43.4
34.5,-40.5
34.5,-38.3
34.2,-36.5
33.9,-34.7
34.3,-33.1
34.7,-31.9
35.2,-30.7
35.6,-29.6
36.0,-28.4
36.2,-27.3
36.3,-26.5
36.8,-26.1
37.0,-25.9
31.3,-73.6
31.3,-73.3
31.6,-73.1
31.9,-73.0
32.3,-73.0
32.7,-72.9
33.4,-72.7
34.0,-72.6
34.9,-71.8
35.6,-70.9
36.2,-69.3
36.6,-67.2
36.7,-64.9
36.6,-62.7
36.3,-60.5
35.9,-57.9
11.1,-53.5
11.8,-55.3
12.6,-57.5
13.2,-59.8
13.7,-62.0
14.0,-64.8
14.4,-67.6
14.8,-70.0
15.0,-72.0
15.1,-74.4
15.3,-76.5
15.8,-78.6
16.1,-80.3
16.6,-81.7
17.5,-82.8
18.6,-84.1
19.7,-85.5
20.4,-86.3
20.8,-86.9
21.1,-87.2
21.8,-88.2
22.6,-89.2
23.3,-90.2
23.9,-90.7
24.6,-90.9
24.9,-91.5
24.9,-91.9
25.1,-92.1
25.3,-92.2
25.6,-92.2
26.0,-92.3
26.7,-92.6
27.3,-93.0
27.7,-93.6
27.9,-94.6
28.3,-95.5
28.3,-96.2
28.6,-96.9
28.5,-98.2
28.5,-99.4
28.8,-100.8
29.3,-102.6
29.9,-104.3
30.5,-106.0
30.9,-107.7
27.0,-83.4
28.2,-84.2
29.1,-85.1
29.8,-85.8
30.4,-86.5
30.5,-86.6
31.5,-87.5
32.8,-88.3
35.4,-75.4
35.3,-74.6
35.2,-73.6
35.3,-72.8
35.5,-72.2
36.0,-71.1
36.8,-69.4
37.6,-67.5
38.4,-65.7
39.4,-64.1
40.7,-62.0
42.0,-60.0
43.5,-58.2
45.0,-56.9
46.0,-55.9
22.5,-92.2
23.5,-91.8
24.6,-91.4
25.9,-91.2
27.2,-91.1
28.4,-91.2
29.2,-91.0
29.5,-90.8
30.6,-89.9
31.5,-88.8
32.4,-87.8
33.1,-86.5
33.5,-84.8
33.8,-83.1
34.2,-81.2
35.0,-79.1
36.0,-76.5
37.0,-73.5
38.4,-70.7
39.7,-67.8
41.2,-65.2
42.6,-62.4
44.1,-59.6
27.5,-79.0
28.5,-79.0
29.5,-79.0
30.5,-79.0
31.5,-78.8
32.4,-78.7
33.3,-78.0
34.0,-77.0
34.4,-75.8
34.0,-74.8
33.8,-73.8
33.8,-72.8
34.3,-71.6
35.6,-70.8
35.9,-70.5
36.2,-70.2
36.2,-69.8
36.2,-69.4
36.2,-68.3
36.7,-67.2
37.4,-66.7
37.3,-65.9
37.3,-65.1
37.3,-64.1
37.7,-62.8
38.2,-61.2
39.3,-59.6
40.5,-58.0
42.5,-54.8
44.5,-51.6
47.0,-48.0
24.6,-59.2
25.3,-58.6
26.2,-57.9
27.1,-57.1
27.2,-56.6
27.3,-56.2
27.2,-55.7
27.5,-54.7
28.4,-54.2
29.6,-54.2
30.5,-54.9
31.2,-55.3
31.8,-54.8
32.6,-54.2
33.1,-53.4
33.8,-51.8
34.6,-50.1
35.4,-48.3
36.2,-45.8
37.1,-43.2
37.8,-40.4
37.7,-37.9
37.4,-35.4
37.7,-31.8
39.2,-28.2
41.8,-25.7
44.5,-24.0
47.5,-23.0
50.5,-24.0
15.8,-67.5
16.5,-68.5
17.3,-69.6
17.8,-70.5
18.3,-71.3
18.6,-72.2
19.8,-72.7
21.6,-72.9
23.5,-73.0
25.1,-72.4
27.9,-70.8
17.3,-83.2
17.3,-83.4
17.3,-83.6
17.2,-83.9
17.2,-84.4
17.3,-85.0
17.4,-85.8
17.5,-86.6
17.6,-87.4
17.6,-88.3
26.3,-86.6
26.7,-86.4
27.0,-86.7
27.1,-87.5
26.7,-88.0
26.9,-88.8
27.4,-89.3
27.7,-89.3
28.0,-89.2
28.7,-89.1
29.1,-89.1
30.0,-88.8
30.4,-88.4
30.8,-88.0
31.5,-87.0
32.0,-86.0
33.0,-85.0
19.4,-57.3
19.7,-57.8
20.1,-58.6
20.5,-59.6
20.8,-60.5
20.9,-61.5
21.1,-62.4
21.5,-63.4
21.7,-64.5
21.8,-65.5
21.9,-66.2
22.2,-66.9
22.6,-67.5
23.1,-68.5
23.5,-69.8
23.6,-71.0
23.5,-71.7
23.2,-72.0
22.8,-72.2
22.3,-72.4
21.8,-72.3
21.4,-72.7
21.0,-73.0
20.6,-72.9
20.4,-72.6
20.2,-72.4
20.6,-71.9
21.6,-71.8
21.7,-71.8
22.7,-71.8
23.4,-72.4
24.1,-73.2
25.1,-74.3
26.1,-75.8
27.2,-77.3
28.2,-78.5
29.9,-78.7
31.5,-79.3
33.4,-78.8
33.8,-78.7
35.7,-78.1
37.8,-76.7
40.0,-74.5
41.9,-71.7
43.8,-68.0
45.7,-63.7
47.0,-59.1
47.5,-55.4
47.8,-52.1
19.5,-95.3
19.5,-94.8
19.5,-94.2
19.5,-93.7
19.5,-93.3
19.5,-92.9
19.4,-92.4
19.3,-91.9
19.2,-91.3
18.9,-90.8
18.6,-90.5
18.2,-90.0
17.9,-89.4
18.1,-88.5
18.4,-87.7
18.8,-87.0
19.0,-86.2
18.8,-85.3
18.3,-84.5
17.7,-83.7
17.1,-82.9
16.5,-82.2
16.0,-81.8
15.5,-81.8
15.1,-82.0
15.0,-82.4
14.9,-83.0
14.9,-83.3
14.9,-83.5
15.0,-84.3
15.4,-85.2
15.9,-85.9
16.5,-86.7
16.8,-87.6
16.9,-88.6
16.9,-89.6
16.8,-90.5
25.7,-88.3
25.8,-89.0
25.9,-89.7
26.0,-90.4
26.2,-91.1
26.6,-92.0
27.1,-92.8
27.2,-93.7
27.1,-94.5
27.1,-95.3
27.1,-96.0
26.9,-96.8
26.8,-97.3
26.7,-97.5
26.7,-97.6
26.5,-98.5
26.2,-99.3
25.8,-100.3
23.0,-56.9
23.8,-57.2
24.2,-58.1
24.8,-58.8
25.5,-59.4
26.5,-60.0
27.9,-60.9
29.6,-62.0
31.0,-63.1
32.7,-64.2
34.4,-65.2
36.1,-65.7
37.4,-65.0
38.4,-63.7
39.8,-60.5
41.0,-57.1
42.3,-52.0
42.8,-46.0
42.9,-40.0
20.5,-93.0
20.5,-93.8
20.6,-94.5
20.7,-95.2
21.0,-95.9
21.4,-96.5
21.8,-97.1
22.4,-98.0
23.0,-99.0
26.9,-62.9
29.0,-64.0
30.9,-64.9
33.0,-64.9
35.9,-64.4
39.2,-63.3
42.4,-61.5
45.5,-60.1
47.4,-59.2
49.1,-58.3
9.5,-37.0
9.5,-37.7
9.6,-38.4
9.9,-38.9
10.2,-39.5
10.5,-40.3
10.7,-41.1
10.9,-41.9
11.2,-42.5
11.5,-43.1
11.8,-43.7
12.2,-44.3
12.6,-45.0
13.1,-45.6
13.5,-46.0
14.0,-46.6
14.4,-47.2
15.0,-47.6
15.5,-48.0
16.1,-48.1
16.3,-48.1
16.3,-47.9
16.5,-47.8
16.7,-47.7
17.0,-47.6
17.3,-47.4
17.6,-47.3
17.6,-47.5
17.4,-47.7
17.6,-47.9
17.8,-48.1
18.1,-48.9
18.4,-49.7
18.6,-50.3
18.7,-51.0
18.6,-52.0
18.5,-52.9
18.5,-53.6
18.8,-54.1
19.5,-54.6
20.4,-55.4
21.5,-56.0
22.5,-56.4
23.6,-56.9
25.1,-56.7
27.1,-56.4
28.8,-56.1
30.2,-55.7
31.4,-54.8
32.2,-53.5
32.4,-52.0
32.5,-50.5
31.9,-49.5
30.7,-49.1
29.3,-49.0
28.3,-49.6
27.4,-50.5
26.7,-52.0
26.4,-53.7
26.6,-55.5
27.1,-57.3
27.9,-59.1
28.9,-60.8
29.5,-62.8
29.4,-65.1
29.3,-67.1
29.5,-68.0
30.1,-68.0
30.4,-67.2
30.4,-66.4
30.0,-65.8
29.3,-65.3
28.7,-65.5
28.3,-66.0
27.7,-66.3
27.0,-66.4
26.4,-66.3
26.5,-66.0
27.0,-66.3
27.7,-67.0
21.0,-95.2
22.4,-95.6
23.7,-96.1
24.8,-96.5
25.9,-96.7
27.0,-96.6
28.0,-96.2
28.7,-95.7
28.8,-95.7
29.3,-95.4
29.6,-94.9
29.9,-94.4
30.2,-93.8
30.3,-93.1
30.2,-92.4
29.9,-91.8
29.3,-91.6
29.7,-91.7
29.9,-92.2
30.3,-92.6
30.8,-93.0
13.7,-21.3
13.8,-22.0
13.9,-22.7
14.0,-23.4
14.3,-24.1
14.8,-24.8
15.3,-25.3
16.3,-26.0
17.3,-26.5
18.4,-27.1
19.5,-28.0
20.2,-29.6
20.9,-31.0
21.1,-32.8
21.1,-34.3
21.0,-36.0
20.9,-37.9
20.8,-39.5
20.5,-40.7
20.2,-42.0
20.0,-43.0
9.0,-32.1
8.5,-34.0
8.3,-36.2
8.2,-39.0
8.0,-42.0
7.9,-44.6
8.7,-51.1
9.0,-53.6
9.2,-56.0
9.7,-59.0
10.2,-61.3
14.0,-21.0
14.1,-22.8
14.2,-24.8
14.2,-26.6
14.1,-28.2
14.1,-29.6
14.1,-30.8
14.3,-32.0
14.6,-33.4
14.7,-35.1
14.9,-37.0
15.1,-38.6
15.3,-40.0
15.2,-41.4
14.9,-42.7
14.7,-43.8
14.6,-44.9
14.6,-46.1
14.6,-47.5
15.0,-49.1
15.5,-50.7
15.9,-52.3
16.4,-53.7
17.0,-55.0
17.8,-56.3
18.6,-57.5
19.1,-58.5
19.4,-59.4
19.8,-60.1
20.2,-60.6
20.5,-60.9
20.8,-61.2
21.1,-61.4
21.5,-61.7
21.7,-62.1
21.9,-62.6
22.2,-63.2
22.5,-63.9
22.9,-64.7
23.3,-65.7
23.6,-66.7
23.9,-67.9
24.2,-69.0
24.4,-70.1
24.7,-71.2
25.2,-72.2
25.7,-73.1
26.4,-73.9
27.0,-74.7
27.7,-75.5
28.6,-76.1
29.8,-76.7
31.0,-77.2
32.3,-77.8
33.7,-78.0
33.9,-78.0
35.2,-78.7
36.7,-79.0
38.0,-79.4
39.2,-79.9
40.4,-80.4
41.2,-80.5
42.0,-80.4
42.8,-80.1
43.4,-79.9
44.0,-79.0
44.5,-77.6
44.9,-75.9
45.4,-74.0
45.7,-72.3
46.0,-71.1
46.7,-70.0
14.6,-18.1
14.8,-19.0
15.2,-19.8
15.6,-20.7
15.9,-21.8
16.1,-22.9
16.3,-24.2
16.4,-25.7
16.6,-27.1
16.8,-28.6
17.1,-30.0
17.3,-31.2
17.6,-32.4
17.9,-33.5
18.1,-34.4
18.4,-35.3
18.8,-36.3
19.1,-37.2
19.5,-38.2
19.9,-39.3
20.4,-40.6
21.1,-41.8
21.9,-42.9
22.8,-44.0
23.7,-45.0
24.7,-46.0
25.8,-46.9
26.7,-47.3
27.4,-47.5
27.5,-47.8
27.6,-48.0
27.5,-48.4
20.1,-50.8
20.4,-51.2
20.8,-51.5
21.3,-51.7
21.9,-51.8
22.5,-51.8
23.6,-51.6
24.7,-51.3
25.7,-50.6
26.5,-49.6
27.2,-48.5
27.9,-46.8
28.7,-44.7
29.5,-42.4
30.1,-40.0
30.6,-37.6
31.0,-35.1
31.3,-32.6
31.2,-30.5
30.9,-28.6
15.5,-82.8
15.9,-83.2
16.0,-83.6
16.0,-84.0
15.9,-84.4
15.9,-84.5
15.6,-85.0
15.3,-85.6
14.7,-62.7
15.0,-63.2
15.3,-63.7
15.6,-63.8
16.7,-63.6
17.9,-63.5
18.9,-63.6
19.7,-63.9
20.4,-64.3
21.3,-64.7
22.0,-65.2
22.6,-65.6
23.6,-65.8
24.6,-65.6
25.9,-65.3
27.6,-64.9
29.5,-64.2
31.6,-63.1
34.0,-61.7
36.5,-60.1
38.8,-58.0
41.3,-55.0
43.4,-50.7
45.2,-46.0
47.0,-41.0
49.2,-36.2
51.0,-32.5
53.0,-29.5
55.0,-30.0
56.5,-33.0
56.0,-37.0
53.1,-36.4
50.8,-34.3
49.7,-32.2
49.2,-31.1
48.2,-30.6
47.0,-30.8
45.5,-31.1
43.9,-29.8
41.9,-28.3
40.0,-27.0
39.2,-25.5
39.5,-24.5
39.8,-23.6
40.5,-22.1
41.2,-20.1
41.6,-18.8
42.1,-17.5
41.9,-16.0
41.6,-14.6
41.3,-13.3
41.0,-12.0
40.9,-11.2
40.7,-10.4
40.3,-9.1
40.0,-7.5
26.0,-72.8
26.3,-73.0
26.0,-73.4
25.6,-73.2
26.0,-73.2
26.2,-73.7
26.6,-74.2
26.9,-74.6
27.4,-75.1
28.1,-75.1
29.5,-75.3
30.9,-75.3
32.5,-75.2
34.4,-74.7
36.6,-74.2
38.8,-73.8
41.0,-73.2
42.6,-72.4
14.5,-23.1
14.9,-23.9
15.2,-25.1
15.1,-26.4
14.9,-27.6
14.8,-28.6
14.7,-29.6
29.3,-80.1
30.1,-80.5
30.7,-80.8
31.5,-81.3
32.3,-82.0
32.8,-82.6
33.0,-83.0
11.6,-76.1
11.9,-77.1
12.0,-77.9
11.6,-77.9
11.8,-77.6
12.2,-77.6
12.5,-77.8
12.9,-78.0
13.4,-77.9
13.9,-77.8
14.5,-77.9
15.0,-78.1
15.5,-78.4
16.0,-78.9
16.2,-79.6
16.4,-80.3
16.4,-81.0
16.4,-81.8
16.6,-82.6
16.9,-83.1
17.2,-83.8
17.3,-84.4
17.1,-85.0
16.9,-85.4
16.6,-85.6
16.3,-85.6
16.3,-85.7
16.2,-85.8
16.1,-85.8
15.9,-85.7
15.8,-85.6
15.6,-85.7
15.4,-85.9
15.2,-86.1
14.9,-86.5
14.7,-87.0
14.5,-87.7
14.5,-88.5
14.6,-89.2
14.6,-90.0
14.7,-90.8
14.9,-91.5
15.5,-92.2
16.3,-92.7
17.1,-93.1
17.9,-93.4
18.7,-93.7
19.2,-93.4
19.3,-92.7
19.4,-92.1
19.6,-91.4
20.0,-90.6
20.1,-90.5
20.8,-89.6
21.8,-88.2
23.3,-86.5
24.8,-84.8
25.6,-83.1
26.2,-81.9
26.6,-81.3
27.5,-78.3
30.0,-75.0
32.5,-72.0
35.0,-68.0
37.0,-63.0
39.0,-58.0
41.0,-53.0
42.5,-47.5
44.5,-42.0
46.5,-36.5
48.5,-31.0
50.0,-25.0
53.5,-20.5
55.5,-14.5
58.0,-10.5
61.0,-10.0
63.5,-5.0
23.4,-73.0
23.9,-73.9
24.3,-74.9
24.5,-76.0
24.7,-77.0
25.0,-77.7
25.4,-78.4
25.8,-79.1
26.4,-79.8
27.3,-80.5
27.8,-81.5
28.5,-82.3
29.5,-82.1
30.1,-81.9
30.7,-81.4
31.3,-80.5
32.2,-79.3
32.8,-77.8
33.6,-76.2
34.3,-74.4
34.8,-72.5
35.3,-70.4
35.8,-67.7
36.4,-65.0
36.8,-62.1
7.2,-23.4
7.4,-25.1
8.4,-26.7
9.2,-28.4
9.7,-29.9
9.9,-31.4
10.0,-32.7
10.4,-33.8
11.3,-34.7
12.4,-35.4
13.5,-36.0
14.7,-36.4
15.9,-36.8
17.2,-37.3
18.5,-37.6
19.9,-37.9
21.1,-38.2
22.2,-38.7
23.2,-39.3
24.3,-40.0
25.6,-40.7
26.8,-41.7
27.9,-43.0
28.6,-44.2
29.0,-45.1
29.4,-45.6
29.8,-46.1
30.1,-46.6
30.6,-47.0
31.2,-47.4
31.9,-48.0
32.6,-48.7
33.1,-49.5
33.4,-50.1
33.6,-50.4
33.8,-50.6
34.1,-50.7
34.4,-50.8
34.9,-50.8
35.4,-50.6
35.8,-50.1
36.2,-49.4
36.6,-48.7
37.1,-47.9
37.8,-47.4
38.7,-47.2
39.6,-47.5
40.3,-48.0
40.5,-48.5
41.8,-47.9
43.5,-47.0
45.0,-45.5
46.5,-43.5
48.2,-41.5
50.0,-39.5
8.6,-23.3
9.2,-25.2
9.9,-26.9
10.3,-28.5
10.7,-30.0
11.0,-31.7
11.2,-32.8
11.7,-34.2
12.4,-35.8
12.8,-37.1
13.1,-38.6
13.7,-39.8
14.1,-41.1
14.9,-42.2
15.8,-42.9
16.7,-43.1
17.8,-43.2
19.0,-43.2
20.0,-42.9
20.8,-42.2
21.8,-41.3
22.6,-40.9
23.8,-40.4
25.3,-40.1
26.7,-40.0
28.2,-40.1
29.9,-40.3
31.6,-40.4
33.6,-40.4
35.8,-40.3
38.1,-40.2
40.3,-39.6
43.0,-36.0
10.0,-60.5
10.2,-62.4
10.6,-64.3
11.2,-66.4
12.3,-68.5
14.2,-70.5
15.0,-71.9
15.5,-73.2
15.7,-74.5
15.8,-75.3
15.8,-76.1
15.9,-76.8
16.3,-77.4
16.7,-77.7
17.1,-78.1
17.7,-78.5
18.7,-78.6
19.3,-79.3
19.7,-80.4
19.9,-80.9
20.4,-81.7
20.7,-82.3
21.1,-83.0
21.5,-83.5
21.8,-84.0
22.0,-84.1
22.1,-84.3
22.3,-85.1
22.0,-85.8
21.9,-86.1
22.1,-86.5
22.0,-87.4
21.9,-88.2
21.6,-88.9
21.3,-89.3
21.0,-89.4
20.6,-89.6
20.1,-89.6
20.3,-89.4
20.5,-89.3
21.0,-89.5
21.7,-89.7
22.1,-89.8
23.0,-89.7
24.2,-89.7
25.4,-90.2
26.3,-90.4
27.5,-90.3
29.1,-90.3
30.0,-89.9
32.2,-89.8
33.0,-89.0
35.0,-86.5
39.1,-82.9
40.9,-79.5
17.5,-28.2
18.0,-28.3
18.5,-28.6
19.0,-29.1
19.5,-29.6
20.0,-30.1
20.5,-30.8
21.0,-31.6
21.4,-32.6
21.5,-33.5
21.4,-34.3
21.5,-35.0
21.6,-35.6
21.7,-36.4
21.6,-37.6
21.3,-38.7
20.8,-39.4
20.5,-40.2
20.4,-41.0
20.3,-41.9
20.1,-42.9
19.9,-44.0
19.6,-45.1
19.3,-46.3
14.3,-22.4
15.2,-23.8
16.2,-25.2
17.0,-26.5
17.4,-27.8
17.7,-29.4
18.1,-31.1
18.5,-32.7
19.1,-34.3
19.6,-35.6
20.1,-36.9
20.6,-38.3
21.1,-39.7
22.0,-41.1
23.3,-42.1
24.7,-42.8
26.2,-43.3
27.6,-43.8
28.8,-44.5
29.7,-45.2
30.3,-45.9
30.9,-46.3
31.5,-46.2
32.0,-46.0
32.6,-45.6
33.3,-45.2
34.1,-44.5
35.1,-43.6
36.3,-42.4
37.6,-41.1
39.0,-39.7
40.6,-38.3
42.3,-37.2
44.4,-36.2
47.0,-35.1
49.5,-33.5
51.9,-31.8
22.3,-73.2
22.6,-73.6
22.8,-73.9
23.2,-74.3
23.6,-74.9
24.3,-75.7
25.5,-76.3
26.3,-77.7
26.9,-79.0
27.7,-80.4
27.7,-80.3
28.2,-81.9
28.6,-83.4
28.8,-84.7
29.3,-85.7
29.8,-86.6
30.0,-86.8
30.3,-87.2
30.6,-87.5
31.4,-88.5
32.3,-89.1
33.2,-89.7
34.1,-90.2
34.8,-90.2
35.4,-90.1
36.3,-89.8
37.5,-88.8
38.4,-86.8
38.7,-84.9
38.8,-82.0
12.5,-34.3
12.9,-35.9
13.2,-37.5
13.5,-39.0
14.1,-40.6
14.7,-42.2
15.3,-43.7
15.9,-45.3
16.3,-47.1
16.7,-48.7
17.0,-50.3
17.0,-52.0
17.2,-53.4
17.4,-54.8
17.8,-55.9
18.1,-57.0
19.0,-57.9
20.1,-58.1
21.2,-58.2
22.2,-58.3
23.2,-58.4
23.9,-58.1
24.4,-57.6
24.9,-57.8
25.3,-58.0
26.0,-58.3
26.5,-58.8
27.2,-59.2
28.4,-59.8
29.7,-60.4
30.6,-61.3
31.5,-62.2
32.4,-62.8
33.3,-63.3
34.2,-64.1
34.9,-64.7
35.7,-65.4
36.4,-65.7
36.9,-65.9
37.4,-65.6
37.8,-65.1
38.0,-64.3
38.0,-63.3
37.9,-62.6
37.9,-62.0
38.1,-61.4
38.3,-61.0
38.8,-60.6
39.6,-60.2
40.6,-59.3
42.0,-58.1
43.3,-56.7
44.7,-55.2
46.7,-52.7
49.0,-51.0
52.0,-49.0
55.0,-47.5
58.0,-46.0
60.0,-44.5
61.5,-42.0
63.0,-38.9
65.0,-35.0
23.7,-90.7
24.5,-91.8
25.2,-92.9
25.8,-94.0
26.3,-95.2
27.2,-96.2
28.0,-96.9
28.1,-97.1
28.8,-97.8
29.4,-98.6
30.0,-99.5
30.5,-100.6
31.1,-101.4
31.8,-101.8
32.5,-101.8
33.2,-101.5
34.0,-101.0
34.8,-100.1
35.6,-98.8
35.6,-97.7
35.9,-96.5
13.9,-23.3
14.1,-24.6
14.3,-25.9
14.7,-27.2
15.3,-28.6
15.9,-30.0
16.5,-31.4
17.3,-32.7
18.0,-33.8
18.8,-34.7
19.6,-35.5
20.3,-36.2
20.6,-37.2
20.6,-38.0
20.5,-38.8
20.4,-39.6
20.3,-40.4
20.2,-41.2
20.1,-42.0
20.0,-42.8
31.7,-72.7
31.5,-72.5
31.2,-72.2
30.9,-71.7
30.9,-71.1
31.3,-71.6
31.7,-72.0
32.2,-72.4
33.0,-72.9
33.9,-73.0
34.8,-72.6
35.6,-72.1
36.9,-70.9
38.5,-68.5
10.9,-42.1
11.4,-43.8
11.8,-45.3
12.5,-46.9
13.1,-48.5
24.8,-65.4
25.3,-66.8
25.9,-67.4
26.5,-67.8
27.3,-67.7
27.9,-67.1
28.5,-66.2
29.1,-65.1
29.8,-63.0
30.5,-60.5
32.0,-58.0
32.5,-60.5
33.1,-59.2
34.3,-56.5
35.2,-53.1
35.9,-49.5
36.6,-44.4
38.0,-39.5
40.2,-35.0
43.1,-29.7
10.1,-29.9
10.5,-30.2
11.1,-30.3
11.8,-30.3
12.5,-30.3
13.1,-30.4
13.8,-30.5
14.4,-30.6
14.9,-30.6
15.4,-30.6
15.9,-30.7
16.5,-31.0
16.8,-31.3
17.0,-31.6
17.0,-31.9
17.0,-32.1
17.0,-32.3
16.8,-33.2
14.8,-45.2
15.0,-47.0
15.6,-48.3
16.2,-49.5
16.9,-50.8
17.5,-52.1
18.2,-53.6
18.8,-55.0
19.4,-56.6
20.0,-58.0
12.7,-61.6
13.0,-63.0
13.3,-64.4
13.7,-65.8
14.0,-67.1
14.3,-68.3
14.6,-69.5
15.1,-70.4
15.7,-71.2
16.3,-72.0
16.9,-72.7
17.4,-73.4
17.8,-74.0
18.3,-74.6
19.1,-75.2
19.9,-75.5
20.0,-75.6
20.8,-76.4
21.6,-77.4
22.4,-78.5
23.2,-79.3
23.9,-79.9
24.7,-80.4
24.9,-80.6
25.2,-80.7
25.3,-80.8
26.1,-81.0
27.0,-80.9
28.1,-80.7
29.4,-80.4
30.6,-79.9
31.9,-79.2
33.2,-78.4
33.9,-78.1
34.5,-78.0
35.8,-77.6
36.6,-77.2
37.1,-77.0
37.6,-76.8
38.2,-76.7
38.9,-76.7
39.9,-76.7
41.3,-77.1
43.1,-77.5
44.5,-77.0
45.6,-75.8
46.5,-74.4
11.6,-46.7
12.0,-48.2
12.4,-49.9
12.7,-51.7
13.0,-53.6
13.2,-55.5
13.4,-57.5
13.6,-59.7
13.7,-61.6
13.8,-63.3
13.8,-64.8
13.9,-66.4
14.2,-67.9
14.6,-69.5
15.0,-71.5
15.0,-73.8
15.0,-76.1
15.1,-77.8
15.2,-78.9
15.4,-79.6
15.7,-80.2
16.2,-81.2
16.7,-82.2
17.3,-83.3
17.8,-84.4
18.4,-85.7
18.7,-87.1
18.7,-87.2
18.8,-87.7
18.8,-88.3
18.8,-89.6
18.8,-90.8
18.8,-91.7
18.7,-92.8
18.4,-93.8
18.3,-94.6
18.2,-94.9
18.0,-96.0
17.9,-97.2
36.9,-45.5
37.4,-45.7
37.8,-45.9
38.5,-45.8
39.3,-45.4
40.3,-44.7
41.5,-43.8
42.4,-42.1
43.5,-40.2
44.9,-37.9
46.6,-35.1
48.3,-31.8
49.8,-27.7
51.3,-22.6
52.3,-18.2
53.4,-13.8
54.2,-9.6
55.0,-4.5
